marque,model,Puissance fiscale,Carburant,Année de sortie du modèle,Boite de vitesses,price
abarth,595,8 cv,Essence,2020 - 2024,Manuelle,242403
abarth,595,8 cv,Essence,2020 - 2024,Manuelle,271503
abarth,595-cabriolet,8 cv,Essence,2020 - 2024,Manuelle,244900
abarth,595-cabriolet,8 cv,Essence,2020 - 2024,Manuelle,269900
abarth,595-cabriolet,8 cv,Essence,2020 - 2024,Manuelle,299900
alfa-romeo,4c,14 cv,Essence,2013 - 2024,Automatique,757500
alfa-romeo,4c,14 cv,Essence,2014 - 2024,Automatique,857500
alfa-romeo,giulia,9 cv,Diesel,2021 - 2024,Automatique,556900
alfa-romeo,giulia,9 cv,Diesel,2021 - 2024,Automatique,595000
alfa-romeo,giulia,9 cv,Essence,2022 - 2024,Automatique,665000
alfa-romeo,giulietta,6 cv,Diesel,2017 - 2024,Manuelle,229900
alfa-romeo,giulietta,6 cv,Diesel,2017 - 2024,Automatique,249900
alfa-romeo,giulietta,6 cv,Diesel,2017 - 2024,Manuelle,249900
alfa-romeo,giulietta,6 cv,Diesel,2017 - 2024,Automatique,269900
alfa-romeo,giulietta,6 cv,Diesel,2017 - 2024,Automatique,269900
alfa-romeo,giulietta,8 cv,Diesel,2017 - 2024,Automatique,279900
alfa-romeo,stelvio,9 cv,Diesel,2017 - 2024,Automatique,470000
alfa-romeo,stelvio,9 cv,Diesel,2017 - 2024,Automatique,600000
alfa-romeo,stelvio,9 cv,Diesel,2017 - 2024,Automatique,650000
alfa-romeo,tonale,8 cv,Hybride,2022 - 2024,Automatique,394000
alfa-romeo,tonale,8 cv,Diesel,2022 - 2024,Automatique,379500
alfa-romeo,tonale,8 cv,Diesel,2022 - 2024,Automatique,406500
aston-martin,db11,cv,Essence,2019 - 2024,Automatique,None
aston-martin,db11,cv,Essence,2019 - 2024,Automatique,None
aston-martin,db11,cv,Essence,2019 - 2024,Automatique,None
aston-martin,dbs-supperleggera,cv,Essence,2020 - 2024,Automatique,None
aston-martin,dbs-supperleggera,cv,Essence,2020 - 2024,Automatique,None
aston-martin,dbx,cv,Essence,2021 - 2024,Automatique,None
aston-martin,vantage,cv,Essence,2021 - 2024,Automatique,None
aston-martin,vantage,cv,Essence,2021 - 2024,Automatique,None
audi,a1,8 cv,Essence,2017 - 2024,Automatique,None
audi,a1,8 cv,Essence,2017 - 2024,Automatique,None
audi,a1,8 cv,Essence,2017 - 2024,Automatique,None
audi,a3-berline,8 cv,Diesel,2021 - 2024,Automatique,380000
audi,a3-berline,8 cv,Diesel,2021 - 2024,Automatique,424000
audi,a3-berline,8 cv,Diesel,2021 - 2024,Automatique,466000
audi,a3-berline,8 cv,Diesel,2021 - 2024,Automatique,499000
audi,a3-sportback,8 cv,Diesel,2021 - 2024,Manuelle,327000
audi,a3-sportback,8 cv,Diesel,2021 - 2024,Manuelle,365000
audi,a3-sportback,8 cv,Diesel,2021 - 2024,Automatique,365000
audi,a3-sportback,8 cv,Diesel,2021 - 2024,Automatique,409000
audi,a3-sportback,8 cv,Diesel,2021 - 2024,Automatique,451000
audi,a3-sportback,8 cv,Diesel,2021 - 2024,Automatique,484000
audi,a4,8 cv,Diesel,2020 - 2024,Manuelle,463000
audi,a4,8 cv,Diesel,2020 - 2024,Automatique,483000
audi,a4,8 cv,Diesel,2020 - 2024,Automatique,523000
audi,a4,8 cv,Diesel,2020 - 2024,Automatique,640000
audi,a5-coupe,8 cv,Diesel,2020 - 2024,Automatique,699000
audi,a5-sportback,8 cv,Diesel,2020 - 2024,Automatique,522000
audi,a5-sportback,8 cv,Diesel,2020 - 2024,Automatique,578000
audi,a5-sportback,8 cv,Diesel,2020 - 2024,Automatique,583000
audi,a5-sportback,8 cv,Diesel,2020 - 2024,Automatique,706000
audi,a6,8 cv,Diesel,2020 - 2024,Automatique,540000
audi,a6,8 cv,Diesel,2020 - 2024,Automatique,635000
audi,a6,8 cv,Diesel,2020 - 2024,Automatique,717000
audi,a6,8 cv,Diesel,2020 - 2024,Automatique,829000
audi,a6,12 cv,Diesel,2020 - 2024,Automatique,925000
audi,a6,12 cv,Diesel,2020 - 2024,Automatique,959000
audi,a7,8 cv,Diesel,2020 - 2024,Automatique,780000
audi,a7,8 cv,Diesel,2020 - 2024,Automatique,900000
audi,a7,12 cv,Diesel,2020 - 2024,Automatique,1000000
audi,a7,12 cv,Diesel,2020 - 2024,Automatique,1100000
audi,a8,12 cv,Diesel,2022 - 2024,Automatique,1230000
audi,a8,12 cv,Diesel,2022 - 2024,Automatique,1340000
audi,a8,12 cv,Diesel,2022 - 2024,Automatique,1500000
audi,e-tron,22 cv,Electrique,2022 - 2024,Automatique,1050000
audi,e-tron,22 cv,Electrique,2022 - 2024,Automatique,1110000
audi,e-tron-sportback,22 cv,Electrique,2022 - 2024,Automatique,1110000
audi,e-tron-sportback,22 cv,Electrique,2022 - 2024,Automatique,1110000
audi,q2,8 cv,Diesel,2021 - 2024,Automatique,387000
audi,q2,8 cv,Diesel,2021 - 2024,Automatique,424000
audi,q2,8 cv,Diesel,2021 - 2024,Automatique,467000
audi,q3,8 cv,Diesel,2020 - 2024,Automatique,460000
audi,q3,8 cv,Diesel,2020 - 2024,Automatique,489000
audi,q3,8 cv,Diesel,2020 - 2024,Automatique,522000
audi,q3,8 cv,Diesel,2020 - 2024,Automatique,652000
audi,q3-sportback,8 cv,Diesel,2020 - 2024,Automatique,520000
audi,q3-sportback,8 cv,Diesel,2020 - 2024,Automatique,580000
audi,q3-sportback,8 cv,Diesel,2020 - 2024,Automatique,695000
audi,q5,8 cv,Diesel,2021 - 2024,Automatique,540000
audi,q5,8 cv,Diesel,2021 - 2024,Automatique,585000
audi,q5,8 cv,Diesel,2021 - 2024,Automatique,600000
audi,q5,8 cv,Diesel,2021 - 2024,Automatique,650000
audi,q5,8 cv,Diesel,2021 - 2024,Automatique,780000
audi,q5-sportback,8 cv,Diesel,2021 - 2024,Automatique,737000
audi,q5-sportback,8 cv,Diesel,2021 - 2024,Automatique,771000
audi,q5-sportback,8 cv,Diesel,2021 - 2024,Automatique,825000
audi,q5-sportback,8 cv,Diesel,2021 - 2024,Automatique,903000
audi,q7,12 cv,Diesel,2020 - 2024,Automatique,834000
audi,q7,12 cv,Diesel,2020 - 2024,Automatique,964000
audi,q7,12 cv,Diesel,2020 - 2024,Automatique,984000
audi,q7,12 cv,Diesel,2020 - 2024,Automatique,1049000
audi,q7,12 cv,Diesel,2020 - 2024,Automatique,1069000
audi,q8,12 cv,Diesel,2019 - 2024,Automatique,965000
audi,q8,12 cv,Diesel,2019 - 2024,Automatique,1050000
audi,q8,12 cv,Diesel,2019 - 2024,Automatique,1050000
audi,q8,12 cv,Diesel,2019 - 2024,Automatique,1160000
audi,q8,12 cv,Diesel,2019 - 2024,Automatique,1265000
audi,q8,12 cv,Diesel,2019 - 2024,Automatique,1350000
audi,q8-e-tron,cv,Electrique,2023 - 2024,Automatique,900000
audi,q8-e-tron,cv,Electrique,2023 - 2024,Automatique,1040000
audi,q8-e-tron,cv,Electrique,2023 - 2024,Automatique,1150000
audi,q8-e-tron,cv,Electrique,2023 - 2024,Automatique,1230000
audi,q8-e-tron-sportback,cv,Electrique,2023 - 2024,Automatique,960000
audi,q8-e-tron-sportback,cv,Electrique,2023 - 2024,Automatique,1100000
audi,q8-e-tron-sportback,cv,Electrique,2023 - 2024,Automatique,1230000
audi,q8-e-tron-sportback,cv,Electrique,2023 - 2024,Automatique,1310000
audi,sq5,8 cv,Diesel,2021 - 2024,Automatique,1050000
audi,sq5-sportback,8 cv,Diesel,2021 - 2024,Automatique,1000000
bentley,bentayga,cv,Diesel,2017 - 2024,Automatique,None
bentley,bentayga,cv,Essence,2017 - 2024,Automatique,None
bentley,bentayga,cv,Essence,2017 - 2024,Automatique,None
bentley,flying-spur,cv,Essence,2017 - 2024,Automatique,None
bentley,flying-spur,cv,Essence,2017 - 2024,Automatique,None
bentley,flying-spur,cv,Essence,2017 - 2024,Automatique,None
bentley,flying-spur,cv,Essence,2017 - 2024,Automatique,None
bentley,mulsanne,cv,Essence,2017 - 2024,Automatique,None
bentley,mulsanne,cv,Essence,2017 - 2024,Automatique,None
bentley,mulsanne,cv,Essence,2017 - 2024,Automatique,None
bmw,i4,cv,Electrique,2022 - 2024,Automatique,815000
bmw,i4,cv,Electrique,2022 - 2024,Automatique,890000
bmw,i4,25 cv,Electrique,2022 - 2024,Automatique,922000
bmw,i4,25 cv,Electrique,2022 - 2024,Automatique,978000
bmw,ix,15 cv,Electrique,2022 - 2024,Automatique,1005000
bmw,ix,15 cv,Electrique,2022 - 2024,Automatique,1120000
bmw,ix,25 cv,Electrique,2022 - 2024,Automatique,1177000
bmw,ix,15 cv,Electrique,2022 - 2024,Automatique,1309000
bmw,m2,17 cv,Essence,2020 - 2024,Automatique,772000
bmw,m2,17 cv,Essence,2020 - 2024,Automatique,850000
bmw,m5,25 cv,Essence,2019 - 2024,Automatique,1445000
bmw,m5,25 cv,Essence,2019 - 2024,Automatique,1545000
bmw,serie-1,6 cv,Diesel,2020 - 2024,Automatique,323000
bmw,serie-1,8 cv,Diesel,2020 - 2024,Automatique,339500
bmw,serie-1,6 cv,Diesel,2020 - 2024,Automatique,352000
bmw,serie-1,8 cv,Diesel,2020 - 2024,Automatique,372000
bmw,serie-1,6 cv,Diesel,2020 - 2024,Automatique,395000
bmw,serie-1,8 cv,Diesel,2020 - 2024,Automatique,414000
bmw,serie-2,8 cv,Diesel,2019 - 2024,Automatique,425000
bmw,serie-2,8 cv,Diesel,2019 - 2024,Automatique,438000
bmw,serie-2,8 cv,Diesel,2019 - 2024,Automatique,459000
bmw,serie-2,8 cv,Diesel,2019 - 2024,Automatique,470000
bmw,serie-2,17 cv,Essence,2019 - 2024,Automatique,567000
bmw,serie-2,17 cv,Essence,2019 - 2024,Automatique,615000
bmw,serie-2-gran-coupe,6 cv,Diesel,2020 - 2024,Automatique,357000
bmw,serie-2-gran-coupe,8 cv,Diesel,2020 - 2024,Automatique,377000
bmw,serie-2-gran-coupe,6 cv,Diesel,2020 - 2024,Automatique,397000
bmw,serie-2-gran-coupe,8 cv,Diesel,2020 - 2024,Automatique,416000
bmw,serie-2-gran-coupe,6 cv,Diesel,2020 - 2024,Automatique,439000
bmw,serie-2-gran-coupe,8 cv,Diesel,2020 - 2024,Automatique,459000
bmw,serie-2-gran-coupe,9 cv,Essence,2020 - 2024,Automatique,361000
bmw,serie-2-gran-coupe,9 cv,Essence,2020 - 2024,Automatique,395000
bmw,serie-2-gran-coupe,9 cv,Essence,2020 - 2024,Automatique,429000
bmw,serie-2-gran-coupe,11 cv,Essence,2020 - 2024,Automatique,675000
bmw,serie-2-gran-coupe,11 cv,Essence,2020 - 2024,Automatique,736000
bmw,serie-3,8 cv,Diesel,2022 - 2024,Automatique,417000
bmw,serie-3,8 cv,Diesel,2022 - 2024,Automatique,466000
bmw,serie-3,8 cv,Diesel,2022 - 2024,Automatique,493000
bmw,serie-3,8 cv,Diesel,2022 - 2024,Automatique,538000
bmw,serie-3,8 cv,Diesel,2022 - 2024,Automatique,606000
bmw,serie-4-cabriolet,11 cv,Essence,2021 - 2024,Automatique,568000
bmw,serie-4-cabriolet,11 cv,Essence,2021 - 2024,Automatique,621000
bmw,serie-4-cabriolet,11 cv,Essence,2021 - 2024,Automatique,626000
bmw,serie-4-cabriolet,11 cv,Essence,2021 - 2024,Automatique,654000
bmw,serie-4-cabriolet,11 cv,Essence,2021 - 2024,Automatique,679000
bmw,serie-4-cabriolet,11 cv,Essence,2021 - 2024,Automatique,711000
bmw,serie-4-gran-coupe,8 cv,Diesel,2021 - 2024,Automatique,535000
bmw,serie-4-gran-coupe,8 cv,Diesel,2021 - 2024,Automatique,587000
bmw,serie-4-gran-coupe,8 cv,Diesel,2021 - 2024,Automatique,666000
bmw,serie-5,11 cv,Hybride,2022 - 2024,Automatique,647000
bmw,serie-5,11 cv,Hybride,2022 - 2024,Automatique,755000
bmw,serie-5,8 cv,Diesel,2022 - 2024,Automatique,499900
bmw,serie-5,8 cv,Diesel,2022 - 2024,Automatique,571000
bmw,serie-5,8 cv,Diesel,2022 - 2024,Automatique,632000
bmw,serie-5,12 cv,Diesel,2022 - 2024,Automatique,683000
bmw,serie-5,8 cv,Diesel,2022 - 2024,Automatique,685000
bmw,serie-5,12 cv,Diesel,2022 - 2024,Automatique,735000
bmw,serie-5,12 cv,Diesel,2022 - 2024,Automatique,778000
bmw,serie-7,17 cv,Hybride,2019 - 2024,Automatique,1300000
bmw,serie-7,17 cv,Hybride,2019 - 2024,Automatique,1355000
bmw,serie-7,17 cv,Hybride,2019 - 2024,Automatique,1400000
bmw,serie-7,17 cv,Hybride,2019 - 2024,Automatique,1440000
bmw,serie-7,17 cv,Hybride,2019 - 2024,Automatique,1455000
bmw,serie-7,12 cv,Diesel,2019 - 2024,Automatique,1010000
bmw,serie-7,12 cv,Diesel,2019 - 2024,Automatique,1120000
bmw,serie-7,12 cv,Diesel,2019 - 2024,Automatique,1160000
bmw,serie-7,12 cv,Diesel,2019 - 2024,Automatique,1210000
bmw,serie-7,12 cv,Diesel,2019 - 2024,Automatique,1275000
bmw,serie-7,12 cv,Diesel,2019 - 2024,Automatique,1325000
bmw,serie-8,12 cv,Diesel,2020 - 2024,Automatique,1315000
bmw,serie-8,12 cv,Diesel,2020 - 2024,Automatique,1365000
bmw,serie-8,25 cv,Essence,2020 - 2024,Automatique,1519000
bmw,serie-8-cabriolet,25 cv,Essence,2020 - 2024,Automatique,1660000
bmw,serie-8-cabriolet,25 cv,Essence,2020 - 2024,Automatique,2175000
bmw,serie-8-gran-coupe,12 cv,Diesel,2022 - 2024,Automatique,1271000
bmw,serie-8-gran-coupe,12 cv,Diesel,2022 - 2024,Automatique,1380000
bmw,serie-8-gran-coupe,25 cv,Essence,2022 - 2024,Automatique,1523000
bmw,serie-8-gran-coupe,25 cv,Essence,2022 - 2024,Automatique,1575000
bmw,serie-8-gran-coupe,25 cv,Essence,2022 - 2024,Automatique,1790000
bmw,serie-8-gran-coupe,25 cv,Essence,2022 - 2024,Automatique,2042000
bmw,x2,8 cv,Diesel,2018 - 2024,Automatique,429000
bmw,x2,8 cv,Diesel,2018 - 2024,Automatique,488000
bmw,x2,8 cv,Diesel,2018 - 2024,Automatique,488000
bmw,x2,8 cv,Diesel,2018 - 2024,Automatique,498000
bmw,x2,8 cv,Diesel,2018 - 2024,Automatique,536000
bmw,x2,8 cv,Diesel,2018 - 2024,Automatique,536000
bmw,x2,8 cv,Diesel,2018 - 2024,Automatique,537000
bmw,x2,8 cv,Diesel,2018 - 2024,Automatique,575000
bmw,x2,8 cv,Diesel,2018 - 2024,Automatique,575000
bmw,x3,8 cv,Diesel,2021 - 2024,Automatique,470500
bmw,x3,8 cv,Diesel,2021 - 2024,Automatique,504000
bmw,x3,8 cv,Diesel,2021 - 2024,Automatique,524000
bmw,x3,8 cv,Diesel,2021 - 2024,Automatique,568000
bmw,x4,8 cv,Diesel,2021 - 2024,Automatique,618000
bmw,x4,8 cv,Diesel,2021 - 2024,Automatique,714000
bmw,x5,17 cv,Hybride,2022 - 2024,Automatique,886000
bmw,x5,17 cv,Hybride,2022 - 2024,Automatique,912000
bmw,x5,17 cv,Hybride,2022 - 2024,Automatique,939000
bmw,x5,17 cv,Hybride,2022 - 2024,Automatique,963000
bmw,x5,8 cv,Diesel,2019 - 2024,Automatique,708000
bmw,x5,8 cv,Diesel,2019 - 2024,Automatique,748000
bmw,x5,12 cv,Diesel,2022 - 2024,Automatique,773000
bmw,x5,8 cv,Diesel,2019 - 2024,Automatique,785000
bmw,x5,12 cv,Diesel,2022 - 2024,Automatique,800000
bmw,x5,8 cv,Diesel,2022 - 2024,Automatique,815000
bmw,x5,12 cv,Diesel,2022 - 2024,Automatique,838000
bmw,x5,12 cv,Diesel,2019 - 2024,Automatique,839000
bmw,x5,12 cv,Diesel,2022 - 2024,Automatique,865000
bmw,x5,12 cv,Diesel,2019 - 2024,Automatique,869000
bmw,x5,12 cv,Diesel,2022 - 2024,Automatique,905000
bmw,x5,12 cv,Diesel,2022 - 2024,Automatique,935000
bmw,x5,17 cv,Essence,2022 - 2024,Automatique,806000
bmw,x5,17 cv,Essence,2022 - 2024,Automatique,839000
bmw,x5,17 cv,Essence,2022 - 2024,Automatique,884000
bmw,x5,17 cv,Essence,2022 - 2024,Automatique,919000
bmw,x6,12 cv,Diesel,2020 - 2024,Automatique,855000
bmw,x6,12 cv,Diesel,2020 - 2024,Automatique,941000
bmw,x6,12 cv,Diesel,2020 - 2024,Automatique,967000
bmw,x6,17 cv,Essence,2020 - 2024,Automatique,880000
bmw,x6,17 cv,Essence,2020 - 2024,Automatique,967000
bmw,x6,17 cv,Essence,2020 - 2024,Automatique,995000
bmw,x7,12 cv,Diesel,2020 - 2024,Automatique,950000
bmw,x7,12 cv,Diesel,2020 - 2024,Automatique,1120000
bmw,x7,12 cv,Diesel,2020 - 2024,Automatique,1155000
bmw,x7,12 cv,Diesel,2020 - 2024,Automatique,1295000
bmw,x7,12 cv,Diesel,2020 - 2024,Automatique,1515000
bmw,z4,11 cv,Essence,2020 - 2024,Automatique,559000
bmw,z4,11 cv,Essence,2020 - 2024,Automatique,657000
bmw,z4,11 cv,Essence,2020 - 2024,Automatique,660000
bmw,z4,11 cv,Essence,2020 - 2024,Automatique,766000
bmw,z4,17 cv,Essence,2020 - 2024,Automatique,830000
byd,atto3,cv,Electrique,2023 - 2024,,399000
byd,atto3,cv,Electrique,2023 - 2024,,419000
byd,atto3,cv,Electrique,2023 - 2024,,449000
byd,han,cv,Electrique,2023 - 2024,,739000
byd,seal,cv,Electrique,2023 - 2024,,549000
byd,seal,cv,Electrique,2023 - 2024,,599000
byd,t3,cv,Electrique,2023 - 2024,,399000
byd,tang,cv,Electrique,2023 - 2024,,699000
chery,tiggo-2-pro,9 cv,Essence,2022 - 2024,Manuelle,155000
chery,tiggo-2-pro,9 cv,Essence,2022 - 2024,Manuelle,166000
chery,tiggo-2-pro,9 cv,Essence,2022 - 2024,Manuelle,189000
chery,tiggo-4-pro,9 cv,Essence,2022 - 2024,Automatique,235000
chery,tiggo-7-pro,9 cv,Essence,2022 - 2024,Automatique,263000
chery,tiggo-7-pro,9 cv,Essence,2022 - 2024,Automatique,295000
chery,tiggo-8-pro,11 cv,Essence,2022 - 2024,Automatique,345000
chery,tiggo-8-pro,11 cv,Essence,2022 - 2024,Automatique,430000
citroen,ami,2 cv,Electrique,2021 - 2024,Automatique,100900
citroen,ami-buggy,2 cv,Electrique,2023 - 2024,Automatique,120000
citroen,berlingo,6 cv,Diesel,2019 - 2024,Manuelle,199900
citroen,berlingo,6 cv,Diesel,2019 - 2024,Manuelle,189900
citroen,berlingo,6 cv,Diesel,2019 - 2024,Manuelle,245500
citroen,berlingo,6 cv,Diesel,2019 - 2024,Manuelle,235900
citroen,berlingo-vul,6 cv,Diesel,2022 - 2024,Manuelle,225000
citroen,c-elysee,6 cv,Diesel,2016 - 2024,Manuelle,151900
citroen,c1,6 cv,Essence,2017 - 2024,Manuelle,None
citroen,c3,6 cv,Diesel,2020 - 2024,Manuelle,178900
citroen,c3,6 cv,Diesel,2020 - 2024,Manuelle,180000
citroen,c3,6 cv,Diesel,2020 - 2024,Manuelle,184900
citroen,c3,6 cv,Essence,2020 - 2024,Manuelle,177900
citroen,c3-aircross,6 cv,Diesel,2021 - 2024,Automatique,228900
citroen,c4,6 cv,Diesel,2021 - 2024,Automatique,281900
citroen,c4,6 cv,Diesel,2021 - 2024,Automatique,263900
citroen,c4,6 cv,Diesel,2021 - 2024,Automatique,273900
citroen,c4-x,6 cv,Diesel,2023 - 2024,Automatique,272900
citroen,c4-x,6 cv,Diesel,2023 - 2024,Automatique,292900
citroen,c5-aircross,6 cv,Diesel,2022 - 2024,Automatique,306900
citroen,c5-aircross,6 cv,Diesel,2022 - 2024,Automatique,327900
citroen,c5-aircross,8 cv,Diesel,2022 - 2024,Automatique,359900
citroen,jumper,9 cv,Diesel,2021 - 2024,Manuelle,299900
citroen,jumper,9 cv,Diesel,2020 - 2024,Manuelle,309000
citroen,jumper,9 cv,Diesel,2020 - 2024,Manuelle,337000
citroen,jumper,9 cv,Diesel,2020 - 2024,Manuelle,337000
citroen,jumpy,6 cv,Diesel,2020 - 2024,Manuelle,249900
citroen,jumpy,6 cv,Diesel,2020 - 2024,Manuelle,309900
citroen,nemo,70 cv,Diesel,2016 - 2024,Manuelle,None
citroen,spacetourer,6 cv,Diesel,2020 - 2024,Manuelle,309900
citroen,spacetourer,6 cv,Diesel,2020 - 2024,Manuelle,334900
dacia,duster,6 cv,Diesel,2022 - 2024,Manuelle,179090
dacia,duster,6 cv,Diesel,2021 - 2024,Manuelle,201960
dacia,duster,6 cv,Diesel,2021 - 2024,Automatique,210870
dacia,duster,6 cv,Diesel,2021 - 2024,Manuelle,219285
dacia,duster,6 cv,Diesel,2021 - 2024,Automatique,223740
dacia,duster,6 cv,Diesel,2021 - 2024,Automatique,234630
dacia,duster,6 cv,Diesel,2021 - 2024,Automatique,236610
dacia,lodgy,7 cv,Diesel,2016 - 2024,Manuelle,138775
dacia,lodgy,7 cv,Diesel,2016 - 2024,Manuelle,157155
dacia,logan,6 cv,Diesel,2021 - 2024,Manuelle,139100
dacia,logan,6 cv,Diesel,2022 - 2024,Manuelle,153400
dacia,logan,6 cv,Diesel,2022 - 2024,Manuelle,161300
dacia,logan,5 cv,Essence,2021 - 2024,Manuelle,126000
dacia,logan,5 cv,Essence,2021 - 2024,Automatique,139700
dacia,logan,5 cv,Essence,2021 - 2024,Automatique,150500
dacia,sandero-stepway,6 cv,Diesel,2021 - 2024,Manuelle,152000
dacia,sandero-stepway,6 cv,Diesel,2021 - 2024,Manuelle,155000
dacia,sandero-stepway,6 cv,Diesel,2021 - 2024,Manuelle,165900
dacia,sandero-stepway,6 cv,Essence,2021 - 2024,Automatique,162900
dacia,sandero-stepway,6 cv,Essence,2021 - 2024,Automatique,172800
dacia,sandero-streetway,6 cv,Diesel,2021 - 2024,Manuelle,140100
dacia,sandero-streetway,6 cv,Diesel,2021 - 2024,Manuelle,151000
dacia,sandero-streetway,6 cv,Diesel,2021 - 2024,Manuelle,157900
dacia,spring,5 cv,Electrique,2023 - 2024,Automatique,199000
dacia,spring,5 cv,Electrique,2023 - 2024,Automatique,199000
dacia,spring,5 cv,Electrique,2023 - 2024,Automatique,209000
dacia,spring,5 cv,Electrique,2023 - 2024,Automatique,215000
dfsk,c31,9 cv,Essence,2019 - 2024,Manuelle,129000
dfsk,c35,9 cv,Essence,2019 - 2024,Manuelle,205000
dfsk,glory-500,cv,Essence,2022 - 2024,Automatique,205000
dfsk,glory-580,9 cv,Essence,2020 - 2024,Automatique,275000
dfsk,glory-ix5,9 cv,Essence,2020 - 2024,Automatique,300000
dfsk,k01h,6 cv,Essence,2019 - 2024,Manuelle,113000
dfsk,k01l,cv,Essence,2019 - 2024,Manuelle,89000
dfsk,k01s,cv,Essence,2018 - 2024,Manuelle,104000
dfsk,k05,6 cv,Essence,2019 - 2024,Manuelle,89000
dfsk,super-cab,5 cv,Diesel,2019 - 2024,Manuelle,159000
ds,ds4,6 cv,Diesel,2022 - 2024,Automatique,394900
ds,ds4,6 cv,Diesel,2022 - 2024,Automatique,429900
ds,ds4,6 cv,Diesel,2022 - 2024,Automatique,449900
ds,ds7,6 cv,Diesel,2023 - 2024,Automatique,429900
ds,ds7,6 cv,Diesel,2023 - 2024,Automatique,470900
ds,ds7,6 cv,Diesel,2023 - 2024,Automatique,539900
ferrari,812-superfast,cv,Essence,2017 - 2024,Automatique,None
ferrari,gtc4lusso,cv,Essence,2017 - 2024,Automatique,None
ferrari,gtc4lusso,cv,Essence,2016 - 2024,Automatique,None
fiat,500,7 cv,Essence,2022 - 2024,Automatique,160750
fiat,500,7 cv,Essence,2022 - 2024,Automatique,192150
fiat,500,7 cv,Essence,2022 - 2024,Manuelle,182350
fiat,500,7 cv,Essence,2022 - 2024,Manuelle,191550
fiat,500c,7 cv,Essence,2022 - 2024,Manuelle,196000
fiat,500c,7 cv,Essence,2022 - 2024,Manuelle,232150
fiat,500x,8 cv,Essence,2023 - 2024,Automatique,304000
fiat,500x,8 cv,Essence,2023 - 2024,Automatique,313500
fiat,doblo,6 cv,Diesel,2023 - 2024,Manuelle,195500
fiat,doblo,6 cv,Diesel,2023 - 2024,Manuelle,205500
fiat,doblo,6 cv,Diesel,2023 - 2024,Manuelle,220000
fiat,doblo,6 cv,Diesel,2023 - 2024,Manuelle,245100
fiat,doblo,6 cv,Diesel,2023 - 2024,Manuelle,252100
fiat,fiorino,5 cv,Diesel,2017 - 2024,Manuelle,125500
fiat,fiorino,5 cv,Diesel,2017 - 2024,Manuelle,127500
fiat,fiorino,5 cv,Diesel,2017 - 2024,Manuelle,129900
fiat,fullback,10 cv,Diesel,2017 - 2024,Manuelle,254900
fiat,fullback,10 cv,Diesel,2017 - 2024,Manuelle,289000
fiat,panda,7 cv,Essence,2016 - 2024,Manuelle,103900
fiat,panda,7 cv,Essence,2016 - 2024,Manuelle,114900
fiat,panda,7 cv,Essence,2016 - 2024,Manuelle,125900
fiat,talento,6 cv,Diesel,2020 - 2024,Manuelle,232900
fiat,talento,6 cv,Diesel,2020 - 2024,Manuelle,299900
fiat,tipo,5 cv,Diesel,2017 - 2024,Manuelle,166500
fiat,tipo,6 cv,Diesel,2017 - 2024,Manuelle,196000
fiat,tipo,6 cv,Diesel,2017 - 2024,Manuelle,222000
fiat,tipo,8 cv,Essence,2017 - 2024,Manuelle,156000
fiat,tipo-hatchback,6 cv,Diesel,2018 - 2024,Manuelle,184900
fiat,tipo-hatchback,6 cv,Diesel,2018 - 2024,Manuelle,204900
fiat,tipo-hatchback,6 cv,Diesel,2018 - 2024,Automatique,219900
fiat,tipo-hatchback,6 cv,Diesel,2018 - 2024,Manuelle,224900
fiat,tipo-hatchback,6 cv,Diesel,2018 - 2024,Manuelle,239900
ford,c-max,6 cv,Diesel,2016 - 2024,Manuelle,None
ford,ecosport,6 cv,Diesel,2018 - 2024,Manuelle,225000
ford,ecosport,6 cv,Diesel,2018 - 2024,Manuelle,255000
ford,explorer,cv,Hybride,2020 - 2024,Automatique,772000
ford,focus-4p,6 cv,Diesel,2022 - 2024,Automatique,270000
ford,focus-4p,6 cv,Diesel,2022 - 2024,Automatique,301000
ford,focus-4p,6 cv,Essence,2022 - 2024,Manuelle,210000
ford,focus-5p,6 cv,Diesel,2022 - 2024,Automatique,309495
ford,focus-5p,6 cv,Diesel,2022 - 2024,Automatique,316000
ford,focus-5p,6 cv,Essence,2022 - 2024,Manuelle,230000
ford,fusion,11 cv,Hybride,2021 - 2024,Automatique,328000
ford,fusion,11 cv,Hybride,2021 - 2024,Automatique,378000
ford,kuga,6 cv,Diesel,2020 - 2024,Manuelle,306000
ford,kuga,6 cv,Diesel,2020 - 2024,Automatique,316000
ford,kuga,6 cv,Diesel,2020 - 2024,Automatique,334495
ford,mustang,13 cv,Essence,2016 - 2024,Automatique,667000
ford,mustang,13 cv,Essence,2016 - 2024,Automatique,747000
ford,ranger,8 cv,Diesel,2016 - 2024,Automatique,460000
ford,ranger,8 cv,Diesel,2016 - 2024,Automatique,590000
ford,ranger,8 cv,Diesel,2023 - 2024,Automatique,720000
ford,tourneo-connect,6 cv,Diesel,2018 - 2024,Manuelle,None
ford,tourneo-connect,6 cv,Diesel,2018 - 2024,Manuelle,None
ford,transit,9 cv,Diesel,2020 - 2024,Manuelle,297000
ford,transit,9 cv,Diesel,2020 - 2024,Manuelle,307000
ford,transit,9 cv,Diesel,2020 - 2024,Manuelle,307000
ford,transit,9 cv,Diesel,2020 - 2024,Manuelle,317000
ford,transit,9 cv,Diesel,2020 - 2024,Manuelle,322000
ford,transit,9 cv,Diesel,2020 - 2024,Manuelle,337000
ford,transit,9 cv,Diesel,2020 - 2024,Manuelle,347000
ford,transit,9 cv,Diesel,2020 - 2024,Manuelle,367000
ford,transit,9 cv,Diesel,2020 - 2024,Manuelle,441000
ford,transit-custom,9 cv,Diesel,2019 - 2024,Manuelle,337000
ford,transit-custom,9 cv,Diesel,2019 - 2024,Manuelle,397000
ford,transit-custom,9 cv,Diesel,2019 - 2024,Manuelle,467000
ford,transit-custom,9 cv,Diesel,2019 - 2024,Manuelle,497000
gaz,next,10 cv,Diesel,2021 - 2024,Manuelle,215000
gaz,next,10 cv,Diesel,2021 - 2024,Manuelle,250000
gaz,next-van,cv,Diesel,2021 - 2024,Manuelle,250000
gaz,next-van,cv,Diesel,2021 - 2024,Manuelle,270000
geely,coolray,9 cv,Essence,2023 - 2024,Automatique,265000
geely,coolray,9 cv,Essence,2023 - 2024,Automatique,295000
geely,coolray,9 cv,Essence,2023 - 2024,Automatique,320000
geely,geometry-c,8 cv,Electrique,2023 - 2024,Automatique,410000
geely,geometry-c,8 cv,Electrique,2023 - 2024,Automatique,490000
geely,geometry-c,8 cv,Electrique,2023 - 2024,Automatique,520000
geely,gx3-pro,9 cv,Essence,2023 - 2024,Manuelle,159900
geely,gx3-pro,9 cv,Essence,2023 - 2024,Manuelle,189900
geely,gx3-pro,9 cv,Essence,2023 - 2024,Manuelle,209900
honda,accord,13 cv,Essence,2017 - 2024,Automatique,None
honda,civic,9 cv,Essence,2022 - 2024,Automatique,292945
honda,civic,9 cv,Essence,2022 - 2024,Automatique,342945
honda,cr-v,cv,Hybride,2023 - 2024,Automatique,504000
honda,cr-v,cv,Hybride,2023 - 2024,Automatique,540000
honda,hr-v,9 cv,Essence,2022 - 2024,Automatique,282945
honda,hr-v,9 cv,Essence,2022 - 2024,Automatique,312945
honda,jazz,9 cv,Hybride,2020 - 2024,Automatique,232945
hyundai,accent,9 cv,Diesel,2024,Automatique,210900
hyundai,accent,9 cv,Diesel,2024,Automatique,237900
hyundai,accent,9 cv,Diesel,2024,Automatique,264900
hyundai,creta,6 cv,Diesel,2021 - 2024,Manuelle,253000
hyundai,creta,6 cv,Diesel,2021 - 2024,Automatique,274000
hyundai,creta,6 cv,Diesel,2021 - 2024,Manuelle,274000
hyundai,creta,6 cv,Diesel,2021 - 2024,Automatique,296000
hyundai,elantra,9 cv,Hybride,2022 - 2024,Automatique,303000
hyundai,elantra,9 cv,Hybride,2022 - 2024,Automatique,324000
hyundai,i10,6 cv,Essence,2021 - 2024,Manuelle,137000
hyundai,i10,6 cv,Essence,2021 - 2024,Manuelle,142000
hyundai,i10,6 cv,Essence,2021 - 2024,Automatique,147000
hyundai,i10,6 cv,Essence,2021 - 2024,Manuelle,147000
hyundai,i10,6 cv,Essence,2021 - 2024,Automatique,157000
hyundai,i10,6 cv,Essence,2021 - 2024,Automatique,168000
hyundai,i20,8 cv,Hybride,2022 - 2024,Automatique,231900
hyundai,i20,8 cv,Essence,2022 - 2024,Manuelle,169000
hyundai,i20,8 cv,Essence,2022 - 2024,Manuelle,190000
hyundai,i20,8 cv,Essence,2022 - 2024,Manuelle,190000
hyundai,i20,8 cv,Essence,2022 - 2024,Manuelle,211000
hyundai,i30,6 cv,Diesel,2021 - 2024,Automatique,274000
hyundai,ioniq-5,7 cv,Electrique,2022 - 2024,Automatique,579000
hyundai,ioniq-5,7 cv,Electrique,2022 - 2024,Automatique,639000
hyundai,ioniq-5,8 cv,Electrique,2022 - 2024,Automatique,689000
hyundai,kona,9 cv,Hybride,2021 - 2024,Automatique,306000
hyundai,santa-fe,9 cv,Diesel,2021 - 2024,Automatique,432000
hyundai,santa-fe,9 cv,Diesel,2021 - 2024,Automatique,454000
hyundai,santa-fe,9 cv,Diesel,2021 - 2024,Automatique,464000
hyundai,santa-fe,9 cv,Diesel,2021 - 2024,Automatique,486000
hyundai,santa-fe,9 cv,Diesel,2021 - 2024,Automatique,518000
hyundai,santa-fe,9 cv,Diesel,2021 - 2024,Automatique,550000
hyundai,sonata,11 cv,Hybride,2021 - 2024,Automatique,380000
hyundai,sonata,11 cv,Hybride,2021 - 2024,Automatique,422000
hyundai,tucson,6 cv,Hybride,2022 - 2024,Automatique,380000
hyundai,tucson,6 cv,Hybride,2022 - 2024,Automatique,412000
hyundai,tucson,6 cv,Hybride,2022 - 2024,Automatique,444000
hyundai,tucson,6 cv,Diesel,2021 - 2024,Automatique,328000
hyundai,tucson,6 cv,Diesel,2021 - 2024,Automatique,360000
hyundai,tucson,6 cv,Diesel,2022 - 2024,Automatique,391000
hyundai,tucson,6 cv,Diesel,2022 - 2024,Automatique,422000
jaguar,e-pace,8 cv,Diesel,2018 - 2024,Automatique,606400
jaguar,e-pace,8 cv,Diesel,2018 - 2024,Automatique,606400
jaguar,e-pace,8 cv,Diesel,2021 - 2024,Automatique,712000
jaguar,e-pace,8 cv,Diesel,2018 - 2024,Automatique,763400
jaguar,f-pace,8 cv,Diesel,2020 - 2024,Automatique,677600
jaguar,f-pace,8 cv,Diesel,2020 - 2024,Automatique,774000
jaguar,f-pace,11 cv,Essence,2020 - 2024,Automatique,581700
jaguar,f-pace,11 cv,Essence,2020 - 2024,Automatique,672100
jaguar,f-pace,29 cv,Essence,2020 - 2024,Automatique,1209200
jaguar,f-type,11 cv,Essence,2020 - 2024,Automatique,800700
jaguar,f-type,11 cv,Essence,2020 - 2024,Automatique,905800
jaguar,i-pace,24 cv,Electrique,2020 - 2024,Automatique,1085200
jaguar,i-pace,24 cv,Electrique,2020 - 2024,Automatique,1222100
jaguar,i-pace,24 cv,Electrique,2020 - 2024,Automatique,1325300
jaguar,xe,8 cv,Diesel,2016 - 2024,Automatique,496400
jaguar,xe,8 cv,Diesel,2016 - 2024,Automatique,517400
jaguar,xe,8 cv,Diesel,2016 - 2024,Automatique,545600
jaguar,xe,8 cv,Diesel,2021 - 2024,Automatique,556000
jaguar,xe,8 cv,Diesel,2021 - 2024,Automatique,567100
jaguar,xe,8 cv,Diesel,2021 - 2024,Automatique,678800
jaguar,xf,8 cv,Diesel,2021 - 2024,Automatique,520000
jaguar,xf,8 cv,Diesel,2021 - 2024,Automatique,681200
jaguar,xf,8 cv,Diesel,2021 - 2024,Automatique,733600
jaguar,xj,12 cv,Diesel,2011 - 2024,Automatique,1062500
jaguar,xj,17 cv,Essence,2011 - 2024,Automatique,758200
jaguar,xj,17 cv,Essence,2011 - 2024,Automatique,1037300
jaguar,xj,17 cv,Essence,2011 - 2024,Automatique,1242300
jeep,cherokee,9 cv,Diesel,2017 - 2024,Automatique,409000
jeep,compass,7 cv,Hybride,2022 - 2024,Manuelle,341500
jeep,compass,7 cv,Hybride,2022 - 2024,Automatique,379700
jeep,compass,6 cv,Diesel,2022 - 2024,Manuelle,302500
jeep,compass,6 cv,Diesel,2022 - 2024,Manuelle,345500
jeep,grand-cherokee,12 cv,Diesel,2017 - 2024,Automatique,477500
jeep,grand-cherokee,12 cv,Diesel,2017 - 2024,Automatique,541500
jeep,renegade,6 cv,Diesel,2021 - 2024,Automatique,243500
jeep,renegade,6 cv,Diesel,2021 - 2024,Automatique,276500
jeep,renegade,6 cv,Essence,2021 - 2024,Automatique,309000
jeep,wrangler,9 cv,Diesel,2020 - 2024,Automatique,515000
jeep,wrangler,9 cv,Diesel,2020 - 2024,Automatique,555000
jeep,wrangler,9 cv,Diesel,2020 - 2024,Automatique,575000
jeep,wrangler,9 cv,Diesel,2020 - 2024,Automatique,595000
jeep,wrangler,9 cv,Diesel,2020 - 2024,Automatique,615000
jeep,wrangler,9 cv,Diesel,2020 - 2024,Automatique,635000
kia,carens,6 cv,Diesel,2022 - 2024,Manuelle,243000
kia,carens,6 cv,Diesel,2022 - 2024,Manuelle,259500
kia,carens,6 cv,Diesel,2022 - 2024,Automatique,259500
kia,carens,6 cv,Diesel,2022 - 2024,Automatique,275500
kia,carens,6 cv,Diesel,2022 - 2024,Automatique,299900
kia,carnival,9 cv,Diesel,2021 - 2024,Automatique,617500
kia,ceed,6 cv,Diesel,2022 - 2024,Manuelle,268500
kia,ceed,6 cv,Diesel,2022 - 2024,Automatique,289900
kia,ceed,6 cv,Diesel,2022 - 2024,Automatique,320900
kia,ceed,6 cv,Diesel,2022 - 2024,Automatique,339500
kia,cerato,6 cv,Diesel,2020 - 2024,Manuelle,None
kia,cerato,6 cv,Diesel,2020 - 2024,Manuelle,None
kia,cerato,6 cv,Diesel,2020 - 2024,Automatique,None
kia,ev6,9 cv,Electrique,2023 - 2024,Automatique,679000
kia,ev6,13 cv,Electrique,2023 - 2024,Automatique,779000
kia,k2500,10 cv,Diesel,2020 - 2024,Manuelle,232900
kia,k2500,10 cv,Diesel,2020 - 2024,Manuelle,241900
kia,k2500,10 cv,Diesel,2020 - 2024,Manuelle,246500
kia,k5,11 cv,Hybride,2020 - 2024,Automatique,423500
kia,k5,11 cv,Hybride,2020 - 2024,Automatique,457500
kia,niro,9 cv,Hybride,2020 - 2024,Automatique,310900
kia,niro,9 cv,Hybride,2020 - 2024,Automatique,347100
kia,niro,9 cv,Hybride,2020 - 2024,Automatique,386500
kia,picanto,6 cv,Essence,2018 - 2024,Manuelle,133500
kia,picanto,6 cv,Essence,2018 - 2024,Manuelle,138900
kia,picanto,6 cv,Essence,2018 - 2024,Manuelle,139900
kia,picanto,6 cv,Essence,2018 - 2024,Automatique,144900
kia,picanto,6 cv,Essence,2018 - 2024,Automatique,158900
kia,picanto,6 cv,Essence,2018 - 2024,Automatique,159900
kia,picanto,6 cv,Essence,2018 - 2024,Automatique,149900
kia,picanto,6 cv,Essence,2018 - 2024,Automatique,160500
kia,picanto,7 cv,Essence,2018 - 2024,Automatique,159500
kia,rio,8 cv,Essence,2020 - 2024,Manuelle,None
kia,rio,8 cv,Essence,2020 - 2024,Manuelle,None
kia,rio,8 cv,Essence,2020 - 2024,Manuelle,None
kia,rio,8 cv,Essence,2020 - 2024,Manuelle,None
kia,rio,8 cv,Essence,2020 - 2024,Manuelle,None
kia,rio,8 cv,Essence,2020 - 2024,Manuelle,None
kia,seltos,6 cv,Diesel,2020 - 2024,Manuelle,258900
kia,seltos,6 cv,Diesel,2020 - 2024,Manuelle,273500
kia,seltos,6 cv,Diesel,2020 - 2024,Manuelle,275000
kia,seltos,6 cv,Diesel,2020 - 2024,Automatique,288900
kia,seltos,6 cv,Diesel,2020 - 2024,Automatique,298000
kia,seltos,6 cv,Diesel,2020 - 2024,Automatique,314000
kia,seltos,6 cv,Diesel,2020 - 2024,Automatique,314000
kia,seltos,6 cv,Diesel,2020 - 2024,Automatique,341900
kia,sonet,8 cv,Essence,2022 - 2024,Automatique,222600
kia,sonet,8 cv,Essence,2022 - 2024,Automatique,239400
kia,sonet,8 cv,Essence,2022 - 2024,Automatique,244500
kia,sonet,8 cv,Essence,2022 - 2024,Automatique,256200
kia,sorento,9 cv,Diesel,2021 - 2024,Automatique,399000
kia,sorento,9 cv,Diesel,2021 - 2024,Automatique,436000
kia,sorento,9 cv,Diesel,2022 - 2024,Automatique,462900
kia,sorento,9 cv,Diesel,2021 - 2024,Automatique,510500
kia,sorento,9 cv,Diesel,2021 - 2024,Automatique,530500
kia,sorento-hybrid,9 cv,Hybride,2022 - 2024,Automatique,500500
kia,sorento-hybrid,9 cv,Hybride,2022 - 2024,Automatique,546000
kia,sorento-hybrid,9 cv,Hybride,2022 - 2024,Automatique,568900
kia,sportage,6 cv,Diesel,2022 - 2024,Automatique,319000
kia,sportage,6 cv,Diesel,2022 - 2024,Automatique,391000
kia,sportage,6 cv,Diesel,2022 - 2024,Automatique,460900
kia,sportage-hybrid,9 cv,Hybride,2022 - 2024,Automatique,418900
kia,sportage-hybrid,9 cv,Hybride,2022 - 2024,Automatique,454100
kia,stinger,11 cv,Essence,2021 - 2024,Automatique,499000
kia,stinger,17 cv,Essence,2021 - 2024,Automatique,649000
land-rover,defender,12 cv,Diesel,2020 - 2024,Automatique,808800
land-rover,defender,12 cv,Diesel,2020 - 2024,Automatique,816200
land-rover,defender,12 cv,Diesel,2021 - 2024,Automatique,868000
land-rover,defender,8 cv,Diesel,2020 - 2024,Automatique,868000
land-rover,defender,12 cv,Diesel,2021 - 2024,Automatique,915000
land-rover,defender,12 cv,Diesel,2021 - 2024,Automatique,926400
land-rover,defender,12 cv,Diesel,2021 - 2024,Automatique,938700
land-rover,defender,8 cv,Diesel,2020 - 2024,Automatique,938700
land-rover,defender,17 cv,Essence,2021 - 2024,Automatique,936400
land-rover,defender,17 cv,Essence,2021 - 2024,Automatique,995500
land-rover,defender,17 cv,Essence,2021 - 2024,Automatique,1007100
land-rover,defender,17 cv,Essence,2021 - 2024,Automatique,1066700
land-rover,discovery,12 cv,Diesel,2020 - 2024,Automatique,758400
land-rover,discovery,8 cv,Diesel,2020 - 2024,Automatique,800800
land-rover,discovery,12 cv,Diesel,2020 - 2024,Automatique,854800
land-rover,discovery,12 cv,Diesel,2020 - 2024,Automatique,854800
land-rover,discovery-sport,8 cv,Diesel,2019 - 2024,Automatique,506100
land-rover,discovery-sport,8 cv,Diesel,2019 - 2024,Automatique,586900
land-rover,discovery-sport,8 cv,Diesel,2019 - 2024,Automatique,609200
land-rover,discovery-sport,8 cv,Diesel,2019 - 2024,Automatique,659900
land-rover,range-rover-evoque,8 cv,Diesel,2019 - 2024,Automatique,552900
land-rover,range-rover-evoque,8 cv,Diesel,2019 - 2024,Automatique,589000
land-rover,range-rover-evoque,8 cv,Diesel,2019 - 2024,Automatique,635200
land-rover,range-rover-evoque,8 cv,Diesel,2019 - 2024,Automatique,635300
land-rover,range-rover-evoque,11 cv,Essence,2021 - 2024,Automatique,531300
land-rover,range-rover-evoque,11 cv,Essence,2021 - 2024,Automatique,535100
land-rover,range-rover-evoque,11 cv,Essence,2021 - 2024,Automatique,551300
land-rover,range-rover-evoque,11 cv,Essence,2021 - 2024,Automatique,617100
land-rover,range-rover-sport,12 cv,Hybride,2023 - 2024,Automatique,1156900
land-rover,range-rover-sport,12 cv,Hybride,2023 - 2024,Automatique,1188800
land-rover,range-rover-sport,17 cv,Hybride,2023 - 2024,Automatique,1343700
land-rover,range-rover-sport,12 cv,Hybride,2023 - 2024,Automatique,1424600
land-rover,range-rover-sport,25 cv,Hybride,2023 - 2024,Automatique,1500900
land-rover,range-rover-sport,17 cv,Hybride,2023 - 2024,Automatique,1607000
land-rover,range-rover-velar,8 cv,Diesel,2017 - 2024,Automatique,728800
land-rover,range-rover-velar,8 cv,Diesel,2017 - 2024,Automatique,835000
land-rover,range-rover-velar,8 cv,Diesel,2017 - 2024,Automatique,909000
land-rover,range-rover-vogue,12 cv,Diesel,2021 - 2024,Automatique,1579600
land-rover,range-rover-vogue,12 cv,Diesel,2021 - 2024,Automatique,1889200
land-rover,range-rover-vogue,12 cv,Diesel,2021 - 2024,Automatique,2082300
lexus,es,14 cv,Hybride,2020 - 2024,Automatique,599000
lexus,is,14 cv,Hybride,2020 - 2024,Automatique,538000
lexus,ls,20 cv,Hybride,2022 - 2024,Automatique,1712000
lexus,nx,14 cv,Hybride,2022 - 2024,Automatique,569000
lexus,nx,14 cv,Hybride,2022 - 2024,Automatique,710000
lexus,nx,14 cv,Hybride,2022 - 2024,Automatique,793000
lexus,nx,14 cv,Hybride,2022 - 2024,Automatique,890500
lexus,rx,8 cv,Hybride,2018 - 2024,Automatique,729000
lexus,rx,8 cv,Hybride,2018 - 2024,Automatique,852000
lexus,rx,8 cv,Hybride,2018 - 2024,Automatique,906000
lexus,rx-350h,cv,Essence,2023 - 2024,Automatique,740000
lexus,rx-350h,cv,Essence,2023 - 2024,Automatique,860000
lexus,rx-350h,cv,Essence,2023 - 2024,Automatique,920000
lexus,ux,cv,Hybride,2019 - 2024,Automatique,445000
lexus,ux,cv,Hybride,2019 - 2024,Automatique,510000
lexus,ux,cv,Hybride,2019 - 2024,Automatique,559000
mahindra,kuv-100,5 cv,Diesel,2019 - 2024,Manuelle,119900
mahindra,kuv-100,5 cv,Diesel,2019 - 2024,Manuelle,129900
mahindra,kuv-100,7 cv,Essence,2019 - 2024,Manuelle,109900
mahindra,kuv-100,7 cv,Essence,2019 - 2024,Manuelle,119900
mahindra,scorpio,9 cv,Diesel,2019 - 2024,Manuelle,186900
mahindra,scorpio,9 cv,Diesel,2019 - 2024,Manuelle,200000
mahindra,scorpio,9 cv,Diesel,2019 - 2024,Manuelle,224000
mahindra,xuv-500,9 cv,Diesel,2019 - 2024,Manuelle,None
mahindra,xuv-500,9 cv,Diesel,2019 - 2024,Manuelle,None
mazda,6,9 cv,Diesel,2016 - 2024,Manuelle,355000
mazda,6,9 cv,Diesel,2016 - 2024,Automatique,425000
mazda,cx-3,6 cv,Diesel,2020 - 2024,Automatique,330000
mazda,cx-5,9 cv,Diesel,2016 - 2024,Manuelle,310000
mazda,cx-5,9 cv,Diesel,2016 - 2024,Automatique,379000
mercedes,cla,8 cv,Diesel,2019 - 2024,Automatique,465000
mercedes,cla,8 cv,Diesel,2019 - 2024,Automatique,495000
mercedes,cla,8 cv,Diesel,2019 - 2024,Automatique,519000
mercedes,cla,8 cv,Diesel,2019 - 2024,Automatique,605000
mercedes,classe-a,8 cv,Essence,2022 - 2024,Automatique,393000
mercedes,classe-a,8 cv,Essence,2022 - 2024,Automatique,423000
mercedes,classe-a,8 cv,Essence,2022 - 2024,Automatique,468000
mercedes,classe-a-berline,8 cv,Diesel,2020 - 2024,Automatique,403000
mercedes,classe-a-berline,8 cv,Diesel,2020 - 2024,Automatique,433000
mercedes,classe-a-berline,8 cv,Diesel,2020 - 2024,Automatique,478000
mercedes,classe-b,8 cv,Diesel,2021 - 2024,Automatique,350000
mercedes,classe-b,8 cv,Diesel,2021 - 2024,Automatique,380000
mercedes,classe-c,8 cv,Diesel,2021 - 2024,Automatique,525000
mercedes,classe-c,8 cv,Diesel,2021 - 2024,Automatique,555000
mercedes,classe-c,8 cv,Diesel,2021 - 2024,Automatique,565000
mercedes,classe-c,8 cv,Diesel,2021 - 2024,Automatique,595000
mercedes,classe-c,8 cv,Diesel,2021 - 2024,Automatique,645000
mercedes,classe-c,8 cv,Diesel,2021 - 2024,Automatique,685000
mercedes,classe-c,8 cv,Diesel,2021 - 2024,Automatique,705000
mercedes,classe-c,8 cv,Diesel,2021 - 2024,Automatique,745000
mercedes,classe-c,8 cv,Diesel,2021 - 2024,Automatique,770000
mercedes,classe-c,8 cv,Diesel,2021 - 2024,Automatique,810000
mercedes,classe-c-coupe,9 cv,Diesel,2016 - 2024,Automatique,709000
mercedes,classe-e,11 cv,Hybride,2021 - 2024,Automatique,605000
mercedes,classe-e,11 cv,Hybride,2021 - 2024,Automatique,695000
mercedes,classe-e,11 cv,Hybride,2021 - 2024,Automatique,805000
mercedes,classe-e,11 cv,Hybride,2021 - 2024,Automatique,835000
mercedes,classe-e,8 cv,Diesel,2021 - 2024,Automatique,535000
mercedes,classe-e,8 cv,Diesel,2021 - 2024,Automatique,565000
mercedes,classe-e,8 cv,Diesel,2021 - 2024,Automatique,655000
mercedes,classe-e,8 cv,Diesel,2021 - 2024,Automatique,765000
mercedes,classe-e,8 cv,Diesel,2021 - 2024,Automatique,795000
mercedes,classe-e-coupe,8 cv,Diesel,2021 - 2024,Automatique,664000
mercedes,classe-e-coupe,8 cv,Diesel,2021 - 2024,Automatique,754000
mercedes,classe-e-coupe,12 cv,Diesel,2021 - 2024,Automatique,814000
mercedes,classe-e-coupe,8 cv,Diesel,2021 - 2024,Automatique,894000
mercedes,classe-e-coupe,12 cv,Diesel,2021 - 2024,Automatique,904000
mercedes,classe-e-coupe,12 cv,Diesel,2021 - 2024,Automatique,1044000
mercedes,classe-g,12 cv,Diesel,2020 - 2024,Automatique,1435000
mercedes,classe-g,12 cv,Diesel,2020 - 2024,Automatique,1475000
mercedes,classe-g,25 cv,Essence,2020 - 2024,Automatique,1530000
mercedes,classe-g,25 cv,Essence,2020 - 2024,Automatique,1880000
mercedes,classe-s,12 cv,Diesel,2021 - 2024,Automatique,1445000
mercedes,classe-s,12 cv,Diesel,2021 - 2024,Automatique,1505000
mercedes,classe-s,12 cv,Diesel,2021 - 2024,Automatique,1755000
mercedes,classe-s,12 cv,Diesel,2021 - 2024,Automatique,1815000
mercedes,cls,12 cv,Diesel,2022 - 2024,Automatique,1230000
mercedes,gla,8 cv,Diesel,2020 - 2024,Automatique,440000
mercedes,gla,8 cv,Diesel,2020 - 2024,Automatique,475000
mercedes,gla,8 cv,Diesel,2020 - 2024,Automatique,525000
mercedes,gla,8 cv,Diesel,2020 - 2024,Automatique,595000
mercedes,glc,8 cv,Diesel,2019 - 2024,Automatique,535000
mercedes,glc,8 cv,Diesel,2019 - 2024,Automatique,605000
mercedes,glc,8 cv,Diesel,2019 - 2024,Automatique,700000
mercedes,glc,8 cv,Diesel,2019 - 2024,Automatique,790000
mercedes,glc-coupe,8 cv,Diesel,2020 - 2024,Automatique,680000
mercedes,glc-coupe,8 cv,Diesel,2020 - 2024,Automatique,780000
mercedes,glc-coupe,8 cv,Diesel,2020 - 2024,Automatique,860000
mercedes,gle,11 cv,Hybride,2021 - 2024,Automatique,770000
mercedes,gle,11 cv,Hybride,2021 - 2024,Automatique,820000
mercedes,gle,11 cv,Hybride,2021 - 2024,Automatique,950000
mercedes,gle,11 cv,Hybride,2021 - 2024,Automatique,1020000
mercedes,gle,8 cv,Diesel,2019 - 2024,Automatique,740000
mercedes,gle,8 cv,Diesel,2019 - 2024,Automatique,790000
mercedes,gle,12 cv,Diesel,2019 - 2024,Automatique,835000
mercedes,gle,12 cv,Diesel,2019 - 2024,Automatique,885000
mercedes,gle,8 cv,Diesel,2019 - 2024,Automatique,925000
mercedes,gle,8 cv,Diesel,2019 - 2024,Automatique,995000
mercedes,gle,12 cv,Diesel,2019 - 2024,Automatique,1020000
mercedes,gle,12 cv,Diesel,2019 - 2024,Automatique,1090000
mercedes,gle-coupe,11 cv,Hybride,2021 - 2024,Automatique,1080000
mercedes,gle-coupe,11 cv,Hybride,2021 - 2024,Automatique,1219000
mercedes,gle-coupe,11 cv,Hybride,2021 - 2024,Automatique,1345000
mercedes,gle-coupe,12 cv,Diesel,2020 - 2024,Automatique,975000
mercedes,gle-coupe,12 cv,Diesel,2020 - 2024,Automatique,1060000
mercedes,gle-coupe,12 cv,Diesel,2020 - 2024,Automatique,1140000
mercedes,gle-coupe,12 cv,Diesel,2020 - 2024,Automatique,1225000
mercedes,gle-coupe,12 cv,Diesel,2020 - 2024,Automatique,1240000
mercedes,gle-coupe,12 cv,Diesel,2020 - 2024,Automatique,1325000
mercedes,gls,12 cv,Diesel,2016 - 2024,Automatique,1039000
mercedes,gls,12 cv,Diesel,2016 - 2024,Automatique,1200000
mercedes,slc,cv,Diesel,2016 - 2024,Automatique,649000
mercedes,slc,cv,Diesel,2016 - 2024,Automatique,749000
mercedes,slc,cv,Essence,2016 - 2024,Automatique,579000
mercedes,slc,cv,Essence,2016 - 2024,Automatique,639000
mercedes,slc,cv,Essence,2016 - 2024,Automatique,679000
mercedes,slc,cv,Essence,2016 - 2024,Automatique,679000
mercedes,slc,cv,Essence,2016 - 2024,Automatique,739000
mercedes,slc,cv,Essence,2016 - 2024,Automatique,779000
mercedes,slc,cv,Essence,2016 - 2024,Automatique,929000
mercedes,vito,7 cv,Diesel,2023 - 2024,Automatique,None
mg,hs-phev,cv,Electrique,2022 - 2024,Automatique,416500
mg,hs-phev,cv,Electrique,2022 - 2024,Automatique,446500
mg,mg-3,cv,Essence,2023 - 2024,Manuelle,147000
mg,mg-3,cv,Essence,2023 - 2024,Manuelle,164500
mg,mg-hs,cv,Essence,2022 - 2024,Automatique,283500
mg,mg-hs,cv,Essence,2022 - 2024,Automatique,383000
mg,mg4,cv,Electrique,2022 - 2024,Automatique,369500
mg,mg4,cv,Electrique,2022 - 2024,Automatique,409500
mg,mg5,cv,Essence,2022 - 2024,Manuelle,185000
mg,mg5,cv,Essence,2022 - 2024,Automatique,210000
mg,mg5,cv,Essence,2022 - 2024,Automatique,229500
mg,zs,cv,Essence,2022 - 2024,Automatique,229000
mg,zs,cv,Essence,2022 - 2024,Automatique,247500
mg,zs,cv,Essence,2022 - 2024,Automatique,267500
mg,zs-ev,cv,Electrique,2022 - 2024,Automatique,409000
mg,zs-ev,cv,Electrique,2022 - 2024,Automatique,411000
mg,zs-ev,cv,Electrique,2022 - 2024,Automatique,439900
mg,zs-ev,cv,Electrique,2022 - 2024,Automatique,477500
mini,cabrio,9 cv,Essence,2021 - 2024,Automatique,328000
mini,cabrio,9 cv,Essence,2021 - 2024,Automatique,396000
mini,cabrio,11 cv,Essence,2021 - 2024,Automatique,544000
mini,clubman,6 cv,Diesel,2016 - 2024,Manuelle,None
mini,clubman,8 cv,Diesel,2016 - 2024,Manuelle,None
mini,clubman,6 cv,Diesel,2016 - 2024,Manuelle,None
mini,clubman,8 cv,Diesel,2016 - 2024,Manuelle,None
mini,clubman,6 cv,Diesel,2016 - 2024,Manuelle,None
mini,clubman,8 cv,Diesel,2016 - 2024,Manuelle,None
mini,countryman,7 cv,Essence,2021 - 2024,Automatique,294000
mini,countryman,7 cv,Essence,2021 - 2024,Automatique,314000
mini,countryman,7 cv,Essence,2021 - 2024,Automatique,335000
mini,hatch-3-portes,9 cv,Essence,2021 - 2024,Automatique,263000
mini,hatch-3-portes,9 cv,Essence,2021 - 2024,Automatique,292000
mini,hatch-3-portes,9 cv,Essence,2021 - 2024,Automatique,323000
mini,hatch-3-portes,11 cv,Essence,2021 - 2024,Automatique,365000
mini,hatch-3-portes,11 cv,Essence,2021 - 2024,Automatique,393000
mini,hatch-3-portes,11 cv,Essence,2021 - 2024,Automatique,516000
mini,hatch-5-portes,9 cv,Essence,2021 - 2024,Automatique,273000
mini,hatch-5-portes,9 cv,Essence,2021 - 2024,Automatique,301000
mini,hatch-5-portes,9 cv,Essence,2021 - 2024,Automatique,332000
mini,hatch-5-portes,11 cv,Essence,2021 - 2024,Automatique,374000
mini,hatch-5-portes,11 cv,Essence,2021 - 2024,Automatique,402000
mitsubishi,l200,10 cv,Diesel,2018 - 2024,Manuelle,225000
mitsubishi,l200,10 cv,Diesel,2018 - 2024,Manuelle,235000
mitsubishi,l200,10 cv,Diesel,2018 - 2024,Manuelle,335000
mitsubishi,l200,10 cv,Diesel,2018 - 2024,Manuelle,355000
mitsubishi,l200,10 cv,Diesel,2018 - 2024,Automatique,380000
mitsubishi,outlander,8 cv,Diesel,2016 - 2024,Manuelle,289900
mitsubishi,outlander,8 cv,Diesel,2016 - 2024,Manuelle,329000
mitsubishi,outlander,8 cv,Diesel,2016 - 2024,Manuelle,365000
mitsubishi,pajero-sport,10 cv,Diesel,2018 - 2024,Manuelle,None
mitsubishi,pajero-sport,10 cv,Diesel,2016 - 2024,Manuelle,384000
mitsubishi,pajero-sport,10 cv,Diesel,2016 - 2024,Automatique,474000
nissan,evalia,6 cv,Diesel,2016 - 2024,Manuelle,196000
nissan,evalia,6 cv,Diesel,2016 - 2024,Manuelle,204000
nissan,juke,6 cv,Essence,2020 - 2024,Manuelle,206000
nissan,juke,6 cv,Essence,2020 - 2024,Manuelle,226000
nissan,juke,6 cv,Essence,2020 - 2024,Automatique,246000
nissan,juke,6 cv,Essence,2020 - 2024,Automatique,266000
nissan,micra,6 cv,Diesel,2017 - 2024,Manuelle,175000
nissan,micra,6 cv,Diesel,2017 - 2024,Manuelle,185000
nissan,navara,10 cv,Diesel,2016 - 2024,Manuelle,319000
nissan,navara,10 cv,Diesel,2016 - 2024,Manuelle,335000
nissan,navara,10 cv,Diesel,2016 - 2024,Manuelle,409000
nissan,qashqai,cv,Electrique,2023 - 2024,Automatique,375000
nissan,qashqai,cv,Electrique,2023 - 2024,Automatique,410000
nissan,qashqai,cv,Electrique,2023 - 2024,Automatique,440000
nissan,qashqai,cv,Essence,2022 - 2024,Manuelle,277000
nissan,qashqai,cv,Essence,2022 - 2024,Automatique,297000
nissan,qashqai,cv,Essence,2022 - 2024,Manuelle,307000
nissan,qashqai,cv,Essence,2022 - 2024,Automatique,327000
nissan,qashqai,cv,Essence,2022 - 2024,Manuelle,342000
nissan,qashqai,cv,Essence,2022 - 2024,Automatique,362000
nissan,x-trail,6 cv,Diesel,2017 - 2024,Manuelle,348000
nissan,x-trail,6 cv,Diesel,2017 - 2024,Automatique,387000
nissan,x-trail,6 cv,Diesel,2017 - 2024,Automatique,429000
opel,astra,6 cv,Diesel,2022 - 2024,Automatique,289000
opel,astra,6 cv,Diesel,2022 - 2024,Automatique,319000
opel,combo-life,6 cv,Diesel,2019 - 2024,Manuelle,217000
opel,combo-life,6 cv,Diesel,2019 - 2024,Manuelle,233000
opel,corsa,6 cv,Diesel,2020 - 2024,Manuelle,179000
opel,corsa,6 cv,Diesel,2020 - 2024,Manuelle,206000
opel,corsa,6 cv,Essence,2020 - 2024,Manuelle,164000
opel,crossland,6 cv,Diesel,2021 - 2024,Manuelle,199000
opel,crossland,6 cv,Diesel,2021 - 2024,Manuelle,213000
opel,crossland,6 cv,Diesel,2021 - 2024,Manuelle,236000
opel,grandland,6 cv,Diesel,2022 - 2024,Automatique,295000
opel,grandland,6 cv,Diesel,2022 - 2024,Automatique,331000
opel,grandland,6 cv,Diesel,2022 - 2024,Automatique,361000
opel,insignia-grand-sport,8 cv,Diesel,2018 - 2024,Automatique,None
opel,insignia-grand-sport,8 cv,Diesel,2018 - 2024,Automatique,None
opel,mokka,6 cv,Diesel,2022 - 2024,Manuelle,245000
opel,mokka,6 cv,Diesel,2022 - 2024,Manuelle,270000
opel,mokka,7 cv,Essence,2022 - 2024,Automatique,267000
peugeot,108,6 cv,Essence,2017 - 2024,Manuelle,119900
peugeot,2008,6 cv,Diesel,2020 - 2024,Automatique,339900
peugeot,2008,6 cv,Diesel,2020 - 2024,Automatique,379900
peugeot,208,7 cv,Diesel,2019 - 2024,Manuelle,163900
peugeot,208,7 cv,Diesel,2019 - 2024,Manuelle,178900
peugeot,208,7 cv,Diesel,2019 - 2024,Manuelle,191900
peugeot,208,6 cv,Essence,2019 - 2024,Manuelle,143900
peugeot,3008,6 cv,Diesel,2021 - 2024,Automatique,340900
peugeot,3008,6 cv,Diesel,2021 - 2024,Automatique,359900
peugeot,3008,6 cv,Diesel,2021 - 2024,Automatique,397900
peugeot,301,6 cv,Diesel,2017 - 2024,Manuelle,166900
peugeot,308,6 cv,Diesel,2022 - 2024,Automatique,297900
peugeot,308,6 cv,Diesel,2022 - 2024,Automatique,314900
peugeot,308,6 cv,Diesel,2022 - 2024,Automatique,329900
peugeot,308,6 cv,Diesel,2022 - 2024,Automatique,349900
peugeot,5008,8 cv,Diesel,2021 - 2024,Automatique,394900
peugeot,508,8 cv,Diesel,2019 - 2024,Automatique,417900
peugeot,bipper,6 cv,Diesel,2016 - 2024,Manuelle,129900
peugeot,bipper,6 cv,Diesel,2016 - 2024,Manuelle,135900
peugeot,boxer,9 cv,Diesel,2019 - 2024,Manuelle,293900
peugeot,boxer,9 cv,Diesel,2019 - 2024,Manuelle,295900
peugeot,boxer,9 cv,Diesel,2019 - 2024,Manuelle,339900
peugeot,boxer,9 cv,Diesel,2019 - 2024,Manuelle,339900
peugeot,expert,6 cv,Diesel,2019 - 2024,Manuelle,249900
peugeot,expert,6 cv,Diesel,2019 - 2024,Manuelle,314900
peugeot,landtrek,8 cv,Diesel,2021 - 2024,Manuelle,259900
peugeot,partner,6 cv,Diesel,2020 - 2024,Manuelle,171900
peugeot,rifter,6 cv,Diesel,2020 - 2024,Manuelle,223900
peugeot,rifter,6 cv,Diesel,2020 - 2024,Manuelle,249900
peugeot,traveller,6 cv,Diesel,2020 - 2024,Manuelle,334900
peugeot,traveller,8 cv,Diesel,2020 - 2024,Manuelle,357900
porsche,718-boxster,17 cv,Essence,2017 - 2024,Automatique,680000
porsche,718-boxster,21 cv,Essence,2017 - 2024,Manuelle,830000
porsche,718-cayman,11 cv,Essence,2017 - 2024,Manuelle,650000
porsche,718-cayman,14 cv,Essence,2017 - 2024,Manuelle,810000
porsche,911,24 cv,Essence,2016 - 2024,Manuelle,1200000
porsche,911,24 cv,Essence,2016 - 2024,Automatique,1290000
porsche,911,24 cv,Essence,2016 - 2024,Automatique,1360000
porsche,911,29 cv,Essence,2016 - 2024,Automatique,1370000
porsche,911,24 cv,Essence,2016 - 2024,Automatique,1450000
porsche,911,24 cv,Essence,2016 - 2024,Automatique,1450000
porsche,911,29 cv,Essence,2016 - 2024,Automatique,1460000
porsche,911,29 cv,Essence,2016 - 2024,Automatique,1530000
porsche,911,29 cv,Essence,2016 - 2024,Automatique,1620000
porsche,911,29 cv,Essence,2016 - 2024,Automatique,1620000
porsche,911,42 cv,Essence,2016 - 2024,Automatique,2160000
porsche,911,42 cv,Essence,2016 - 2024,Automatique,2320000
porsche,911,47 cv,Essence,2016 - 2024,Automatique,2500000
porsche,911,47 cv,Essence,2016 - 2024,Automatique,2660000
porsche,cayenne,20 cv,Hybride,2021 - 2024,Automatique,1160000
porsche,cayenne,32 cv,Hybride,2021 - 2024,Automatique,2350000
porsche,cayenne,32 cv,Essence,2021 - 2024,Automatique,1370000
porsche,cayenne-coupe,20 cv,Hybride,2021 - 2024,Automatique,1260000
porsche,cayenne-coupe,32 cv,Hybride,2020 - 2024,Automatique,2620000
porsche,cayenne-coupe,32 cv,Essence,2020 - 2024,Automatique,1580000
porsche,cayenne-coupe,32 cv,Essence,2020 - 2024,Automatique,2460000
porsche,macan,11 cv,Essence,2021 - 2024,Automatique,650000
porsche,macan,20 cv,Essence,2021 - 2024,Automatique,760000
porsche,macan,18 cv,Essence,2021 - 2024,Automatique,950000
porsche,panamera,17 cv,Hybride,2017 - 2024,Automatique,1420000
porsche,panamera,17 cv,Hybride,2021 - 2024,Automatique,1740000
porsche,panamera,31 cv,Hybride,2017 - 2024,Automatique,2350000
porsche,panamera,17 cv,Essence,2017 - 2024,Automatique,1350000
porsche,panamera,31 cv,Essence,2017 - 2024,Automatique,1450000
porsche,panamera,42 cv,Essence,2017 - 2024,Automatique,1950000
porsche,taycan,0 cv,Electrique,2021 - 2024,Automatique,1230000
porsche,taycan,0 cv,Electrique,2021 - 2024,Automatique,1470000
porsche,taycan,0 cv,Electrique,2021 - 2024,Automatique,2030000
porsche,taycan,0 cv,Electrique,2021 - 2024,Automatique,2450000
porsche,taycan-cross-turismo,0 cv,Electrique,2021 - 2024,Automatique,1360000
porsche,taycan-cross-turismo,0 cv,Electrique,2021 - 2024,Automatique,1530000
porsche,taycan-cross-turismo,0 cv,Electrique,2021 - 2024,Automatique,2050000
renault,arkana,9 cv,Hybride,2023 - 2024,Automatique,316000
renault,arkana,9 cv,Hybride,2023 - 2024,Automatique,336000
renault,arkana,9 cv,Hybride,2023 - 2024,Automatique,356000
renault,austral,8 cv,Essence,2023 - 2024,Automatique,340000
renault,austral,7 cv,Essence,2023 - 2024,Automatique,360000
renault,austral,7 cv,Essence,2023 - 2024,Automatique,380000
renault,austral,7 cv,Essence,2023 - 2024,Automatique,405000
renault,captur,6 cv,Diesel,2020 - 2024,Manuelle,216900
renault,captur,6 cv,Diesel,2020 - 2024,Manuelle,236900
renault,captur,6 cv,Essence,2020 - 2024,Automatique,219900
renault,captur,6 cv,Essence,2020 - 2024,Automatique,239900
renault,clio,6 cv,Diesel,2020 - 2024,Manuelle,164900
renault,clio,6 cv,Diesel,2020 - 2024,Manuelle,184900
renault,clio,6 cv,Diesel,2020 - 2024,Manuelle,204900
renault,clio,6 cv,Diesel,2020 - 2024,Manuelle,214900
renault,clio,6 cv,Essence,2020 - 2024,Manuelle,148900
renault,clio,6 cv,Diesel,2017 - 2024,Manuelle,163900
renault,clio,6 cv,Diesel,2017 - 2024,Automatique,193900
renault,express,6 cv,Diesel,2021 - 2024,Manuelle,142000
renault,express,6 cv,Diesel,2021 - 2024,Manuelle,152000
renault,express,6 cv,Diesel,2021 - 2024,Manuelle,166000
renault,express-van,6 cv,Diesel,2021 - 2024,Manuelle,132000
renault,express-van,6 cv,Diesel,2021 - 2024,Manuelle,139000
renault,kadjar,6 cv,Diesel,2019 - 2024,Manuelle,252000
renault,kadjar,6 cv,Diesel,2019 - 2024,Automatique,293000
renault,kadjar,6 cv,Diesel,2019 - 2024,Manuelle,293000
renault,kadjar,6 cv,Diesel,2019 - 2024,Automatique,328000
renault,kadjar,6 cv,Diesel,2019 - 2024,Manuelle,328000
renault,kangoo,6 cv,Diesel,2018 - 2024,Manuelle,None
renault,kangoo,6 cv,Diesel,2017 - 2024,Manuelle,None
renault,kangoo,6 cv,Diesel,2017 - 2024,Manuelle,None
renault,kangoo,6 cv,Diesel,2017 - 2024,Manuelle,None
renault,koleos,8 cv,Diesel,2022 - 2024,Automatique,480000
renault,master,8 cv,Diesel,2020 - 2024,Manuelle,289900
renault,master,8 cv,Diesel,2020 - 2024,Manuelle,297900
renault,megane,6 cv,Diesel,2021 - 2024,Manuelle,211900
renault,megane,6 cv,Diesel,2021 - 2024,Manuelle,234900
renault,megane,6 cv,Diesel,2021 - 2024,Automatique,254900
renault,megane,6 cv,Diesel,2021 - 2024,Manuelle,259900
renault,megane,6 cv,Diesel,2021 - 2024,Automatique,279900
renault,megane,6 cv,Diesel,2021 - 2024,Automatique,283900
renault,megane,10 cv,Essence,2020 - 2024,Automatique,399900
renault,megane-sedan,6 cv,Diesel,2017 - 2024,Manuelle,215900
renault,megane-sedan,6 cv,Diesel,2017 - 2024,Manuelle,237900
renault,megane-sedan,6 cv,Diesel,2017 - 2024,Automatique,257900
renault,megane-sedan,6 cv,Diesel,2017 - 2024,Automatique,282900
renault,talisman,8 cv,Diesel,2021 - 2024,Automatique,381500
renault,talisman,8 cv,Diesel,2021 - 2024,Automatique,437900
renault,trafic,8 cv,Diesel,2020 - 2024,Manuelle,233900
renault,trafic,8 cv,Diesel,2020 - 2024,Manuelle,262900
renault,trafic,8 cv,Diesel,2020 - 2024,Manuelle,295900
renault,trafic,8 cv,Diesel,2020 - 2024,Manuelle,316400
seat,arona,6 cv,Diesel,2021 - 2024,Manuelle,228900
seat,arona,6 cv,Diesel,2021 - 2024,Manuelle,246900
seat,arona,6 cv,Diesel,2021 - 2024,Manuelle,258900
seat,ateca,8 cv,Diesel,2021 - 2024,Automatique,285900
seat,ateca,8 cv,Diesel,2021 - 2024,Automatique,353900
seat,ateca,8 cv,Diesel,2021 - 2024,Automatique,323300
seat,ateca,8 cv,Diesel,2021 - 2024,Automatique,378900
seat,ibiza,6 cv,Diesel,2022 - 2024,Manuelle,206900
seat,ibiza,6 cv,Diesel,2021 - 2024,Manuelle,246900
seat,ibiza,6 cv,Essence,2021 - 2024,Manuelle,226900
seat,leon,8 cv,Diesel,2022 - 2024,Automatique,356900
seat,mii,6 cv,Essence,2015 - 2024,Manuelle,None
seat,tarraco,cv,Diesel,2023 - 2024,Automatique,370900
seat,tarraco,cv,Diesel,2023 - 2024,Automatique,376900
seat,tarraco,cv,Diesel,2023 - 2024,Automatique,418900
seat,tarraco,cv,Diesel,2023 - 2024,Automatique,438900
seres,3,cv,Electrique,2021 - 2024,Automatique,405000
seres,sf5,cv,Electrique,2021 - 2024,Automatique,None
seres,sf5,cv,Electrique,2021 - 2024,Automatique,None
skoda,kamiq,6 cv,Diesel,2023 - 2024,Manuelle,275000
skoda,kamiq,6 cv,Diesel,2023 - 2024,Manuelle,295900
skoda,kamiq,6 cv,Diesel,2023 - 2024,Manuelle,325000
skoda,karoq,8 cv,Diesel,2022 - 2024,Automatique,344000
skoda,karoq,8 cv,Diesel,2022 - 2024,Automatique,381000
skoda,karoq,8 cv,Diesel,2022 - 2024,Automatique,414000
skoda,karoq,8 cv,Diesel,2022 - 2024,Automatique,434000
skoda,kodiaq,8 cv,Diesel,2022 - 2024,Automatique,369000
skoda,kodiaq,8 cv,Diesel,2022 - 2024,Automatique,414000
skoda,kodiaq,8 cv,Diesel,2022 - 2024,Automatique,469000
skoda,kodiaq,8 cv,Diesel,2022 - 2024,Automatique,494000
skoda,kodiaq,8 cv,Diesel,2022 - 2024,Automatique,519000
skoda,octavia,8 cv,Diesel,2021 - 2024,Manuelle,289900
skoda,octavia,8 cv,Diesel,2021 - 2024,Automatique,311900
skoda,octavia,8 cv,Diesel,2021 - 2024,Manuelle,322900
skoda,octavia,8 cv,Diesel,2021 - 2024,Automatique,344900
skoda,octavia,8 cv,Diesel,2021 - 2024,Automatique,372900
skoda,scala,6 cv,Diesel,2023 - 2024,Manuelle,214900
skoda,scala,6 cv,Diesel,2023 - 2024,Manuelle,234900
skoda,scala,6 cv,Diesel,2023 - 2024,Manuelle,264900
skoda,superb,8 cv,Diesel,2022 - 2024,Automatique,363000
skoda,superb,8 cv,Diesel,2022 - 2024,Automatique,395000
skoda,superb,8 cv,Diesel,2022 - 2024,Automatique,473000
skoda,superb,8 cv,Diesel,2022 - 2024,Automatique,499000
ssangyong,korando,8 cv,Diesel,2016 - 2024,Manuelle,219000
ssangyong,korando,8 cv,Diesel,2016 - 2024,Automatique,255000
ssangyong,korando,8 cv,Diesel,2016 - 2024,Automatique,273500
ssangyong,rexton,8 cv,Diesel,2013 - 2024,Manuelle,279000
ssangyong,rexton,8 cv,Diesel,2013 - 2024,Automatique,316000
ssangyong,stavic,11 cv,Diesel,2014 - 2024,Manuelle,279700
ssangyong,stavic,11 cv,Diesel,2014 - 2024,Manuelle,288400
ssangyong,stavic,11 cv,Diesel,2014 - 2024,Manuelle,293900
ssangyong,stavic,11 cv,Diesel,2014 - 2024,Automatique,331900
ssangyong,tivoli,6 cv,Diesel,2017 - 2024,Manuelle,219000
ssangyong,xlv,6 cv,Diesel,2017 - 2024,Manuelle,248000
suzuki,baleno,6 cv,Essence,2018 - 2024,Manuelle,None
suzuki,ignis,7 cv,Essence,2018 - 2024,Manuelle,None
suzuki,ignis,7 cv,Essence,2018 - 2024,Manuelle,None
suzuki,ignis,7 cv,Essence,2018 - 2024,Automatique,None
suzuki,jimny,8 cv,Essence,2022 - 2024,Manuelle,215000
suzuki,jimny,8 cv,Essence,2022 - 2024,Automatique,230000
suzuki,s-cross,6 cv,Diesel,2017 - 2024,Manuelle,None
suzuki,s-cross,6 cv,Diesel,2017 - 2024,Automatique,None
suzuki,swift,7 cv,Essence,2018 - 2024,Automatique,164604
suzuki,vitara,6 cv,Diesel,2018 - 2024,Manuelle,None
suzuki,vitara,6 cv,Diesel,2018 - 2024,Manuelle,None
tata,super-ace,6 cv,Diesel,2021 - 2024,Manuelle,114900
tata,xenon,9 cv,Diesel,2021 - 2024,Manuelle,164900
tata,xenon,9 cv,Diesel,2021 - 2024,Manuelle,174900
toyota,auris,5 cv,Diesel,2017 - 2024,Manuelle,None
toyota,auris,5 cv,Diesel,2017 - 2024,Manuelle,None
toyota,c-hr,10 cv,Hybride,2017 - 2024,Automatique,274000
toyota,c-hr,10 cv,Hybride,2017 - 2024,Automatique,292000
toyota,c-hr,10 cv,Hybride,2017 - 2024,Automatique,324000
toyota,corolla-prestige-140,8 cv,Hybride,2023 - 2024,Automatique,261000
toyota,corolla-prestige-140,8 cv,Hybride,2023 - 2024,Automatique,266000
toyota,corolla-prestige-140,8 cv,Hybride,2023 - 2024,Automatique,271000
toyota,corolla-prestige-140,8 cv,Hybride,2023 - 2024,Automatique,319000
toyota,corolla-sport-140,cv,Hybride,2023 - 2024,Automatique,273000
toyota,corolla-sport-140,cv,Hybride,2023 - 2024,Automatique,278000
toyota,corolla-sport-140,10 cv,Hybride,2019 - 2024,Automatique,323000
toyota,fortuner,cv,Diesel,2018 - 2024,Automatique,410000
toyota,fortuner,cv,Diesel,2018 - 2024,Automatique,481030
toyota,fortuner,cv,Diesel,2018 - 2024,Automatique,502650
toyota,hilux,10 cv,Diesel,2017 - 2024,Manuelle,272900
toyota,land-cruiser,18 cv,Diesel,2017 - 2024,Automatique,None
toyota,new-corolla-x-air,10 cv,Hybride,2021 - 2024,Automatique,322900
toyota,new-corolla-x-air,10 cv,Hybride,2021 - 2024,Automatique,333000
toyota,new-corolla-x-air,10 cv,Hybride,2021 - 2024,Automatique,347000
toyota,new-rav4,14 cv,Hybride,2019 - 2024,Automatique,390800
toyota,new-rav4,14 cv,Hybride,2019 - 2024,Automatique,410000
toyota,new-rav4,14 cv,Hybride,2019 - 2024,Automatique,466800
toyota,prado,12 cv,Diesel,2017 - 2024,Manuelle,497900
toyota,prado,12 cv,Diesel,2016 - 2024,Automatique,559000
toyota,prado,12 cv,Diesel,2016 - 2024,Automatique,657800
toyota,prius,10 cv,Hybride,2017 - 2024,Automatique,None
toyota,prius,10 cv,Hybride,2017 - 2024,Automatique,None
toyota,yaris,6 cv,Hybride,2021 - 2024,Automatique,207200
toyota,yaris,6 cv,Hybride,2021 - 2024,Automatique,228600
toyota,yaris,6 cv,Essence,2021 - 2024,Manuelle,152900
toyota,yaris,6 cv,Essence,2021 - 2024,Manuelle,169900
toyota,yaris-cross,9 cv,Hybride,2022 - 2024,Automatique,259000
toyota,yaris-cross,9 cv,Hybride,2022 - 2024,Automatique,287500
toyota,yaris-cross,9 cv,Hybride,2022 - 2024,Automatique,305000
volkswagen,arteon,8 cv,Diesel,2018 - 2024,Automatique,None
volkswagen,arteon,8 cv,Diesel,2018 - 2024,Automatique,None
volkswagen,arteon,8 cv,Diesel,2018 - 2024,Automatique,None
volkswagen,caddy,8 cv,Diesel,2022 - 2024,Manuelle,263000
volkswagen,caddy,8 cv,Diesel,2022 - 2024,Manuelle,308000
volkswagen,caddy,8 cv,Diesel,2022 - 2024,Manuelle,319000
volkswagen,caddy,8 cv,Diesel,2022 - 2024,Automatique,355000
volkswagen,caravelle,8 cv,Diesel,2022 - 2024,Manuelle,450000
volkswagen,coccinelle,8 cv,Diesel,2020 - 2024,Automatique,None
volkswagen,coccinelle,8 cv,Diesel,2020 - 2024,Automatique,None
volkswagen,coccinelle,8 cv,Diesel,2020 - 2024,Automatique,None
volkswagen,crafter,8 cv,Diesel,2019 - 2024,Manuelle,570000
volkswagen,crafter,8 cv,Diesel,2019 - 2024,Manuelle,610000
volkswagen,golf-8,8 cv,Diesel,2021 - 2024,Automatique,380000
volkswagen,golf-8,8 cv,Diesel,2021 - 2024,Automatique,425000
volkswagen,jetta,6 cv,Diesel,2016 - 2024,Automatique,None
volkswagen,jetta,8 cv,Diesel,2017 - 2024,Manuelle,None
volkswagen,jetta,8 cv,Diesel,2017 - 2024,Manuelle,None
volkswagen,jetta,8 cv,Diesel,2017 - 2024,Manuelle,None
volkswagen,jetta,8 cv,Diesel,2017 - 2024,Automatique,None
volkswagen,jetta,6 cv,Diesel,2016 - 2024,Manuelle,None
volkswagen,passat,8 cv,Diesel,2020 - 2024,Automatique,None
volkswagen,passat,8 cv,Diesel,2020 - 2024,Automatique,None
volkswagen,passat,8 cv,Diesel,2020 - 2024,Automatique,None
volkswagen,polo,6 cv,Essence,2018 - 2024,Manuelle,None
volkswagen,polo,6 cv,Essence,2018 - 2024,Manuelle,None
volkswagen,polo,6 cv,Essence,2018 - 2024,Manuelle,None
volkswagen,t-roc,8 cv,Diesel,2022 - 2024,Automatique,355000
volkswagen,t-roc,8 cv,Diesel,2022 - 2024,Automatique,385000
volkswagen,t-roc,8 cv,Diesel,2022 - 2024,Automatique,405000
volkswagen,t-roc,8 cv,Diesel,2022 - 2024,Automatique,425000
volkswagen,tiguan,8 cv,Diesel,2022 - 2024,Automatique,400000
volkswagen,tiguan,8 cv,Diesel,2022 - 2024,Automatique,455000
volkswagen,tiguan,8 cv,Diesel,2022 - 2024,Automatique,495000
volkswagen,touareg,12 cv,Diesel,2018 - 2024,Automatique,520000
volkswagen,touareg,12 cv,Diesel,2022 - 2024,Automatique,595000
volkswagen,touareg,12 cv,Diesel,2018 - 2024,Automatique,709000
volkswagen,touareg,12 cv,Diesel,2018 - 2024,Automatique,750000
volkswagen,touareg,12 cv,Diesel,2018 - 2024,Automatique,890000
volkswagen,touran,8 cv,Diesel,2016 - 2024,Manuelle,None
volkswagen,touran,8 cv,Diesel,2016 - 2024,Manuelle,None
volvo,s60,11 cv,Hybride,2020 - 2024,Automatique,None
volvo,s60,11 cv,Hybride,2020 - 2024,Automatique,None
volvo,s60,11 cv,Essence,2019 - 2024,Automatique,None
volvo,s60,11 cv,Essence,2019 - 2024,Automatique,None
volvo,s90,8 cv,Diesel,2020 - 2024,Automatique,680000
volvo,xc40,8 cv,Hybride,2021 - 2024,Automatique,550000
volvo,xc40,8 cv,Hybride,2021 - 2024,Automatique,580000
volvo,xc40,8 cv,Hybride,2021 - 2024,Automatique,610000
volvo,xc40,11 cv,Essence,2021 - 2024,Automatique,420000
volvo,xc40,11 cv,Essence,2021 - 2024,Automatique,440000
volvo,xc40,11 cv,Essence,2021 - 2024,Automatique,450000
volvo,xc60,8 cv,Diesel,2020 - 2024,Automatique,560000
volvo,xc60,8 cv,Diesel,2020 - 2024,Automatique,620000
volvo,xc90,11 cv,Electrique,2017 - 2024,Automatique,950000
volvo,xc90,11 cv,Essence,2017 - 2024,Automatique,980000
