marque,model,Puissance fiscale,Carburant,Ann√©e,Boite de vitesses,etat,price
abarth,595,8,Essence,2020,Manuelle,1,242403
abarth,595,8,Essence,2020,Manuelle,1,271503
abarth,595-cabriolet,8,Essence,2020,Manuelle,1,244900
abarth,595-cabriolet,8,Essence,2020,Manuelle,1,269900
abarth,595-cabriolet,8,Essence,2020,Manuelle,1,299900
alfa-romeo,4c,14,Essence,2013,Automatique,1,757500
alfa-romeo,4c,14,Essence,2014,Automatique,1,857500
alfa-romeo,giulia,9,Diesel,2021,Automatique,1,556900
alfa-romeo,giulia,9,Diesel,2021,Automatique,1,595000
alfa-romeo,giulia,9,Essence,2022,Automatique,1,665000
alfa-romeo,giulietta,6,Diesel,2017,Manuelle,1,229900
alfa-romeo,giulietta,6,Diesel,2017,Automatique,1,249900
alfa-romeo,giulietta,6,Diesel,2017,Manuelle,1,249900
alfa-romeo,giulietta,6,Diesel,2017,Automatique,1,269900
alfa-romeo,giulietta,6,Diesel,2017,Automatique,1,269900
alfa-romeo,giulietta,8,Diesel,2017,Automatique,1,279900
alfa-romeo,stelvio,9,Diesel,2017,Automatique,1,470000
alfa-romeo,stelvio,9,Diesel,2017,Automatique,1,600000
alfa-romeo,stelvio,9,Diesel,2017,Automatique,1,650000
alfa-romeo,tonale,8,Hybride,2022,Automatique,1,394000
alfa-romeo,tonale,8,Diesel,2022,Automatique,1,379500
alfa-romeo,tonale,8,Diesel,2022,Automatique,1,406500
aston-martin,db11,,Essence,2019,Automatique,1,None
aston-martin,db11,,Essence,2019,Automatique,1,None
aston-martin,db11,,Essence,2019,Automatique,1,None
aston-martin,dbs-supperleggera,,Essence,2020,Automatique,1,None
aston-martin,dbs-supperleggera,,Essence,2020,Automatique,1,None
aston-martin,dbx,,Essence,2021,Automatique,1,None
aston-martin,vantage,,Essence,2021,Automatique,1,None
aston-martin,vantage,,Essence,2021,Automatique,1,None
audi,a1,8,Essence,2017,Automatique,1,None
audi,a1,8,Essence,2017,Automatique,1,None
audi,a1,8,Essence,2017,Automatique,1,None
audi,a3-berline,8,Diesel,2021,Automatique,1,380000
audi,a3-berline,8,Diesel,2021,Automatique,1,424000
audi,a3-berline,8,Diesel,2021,Automatique,1,466000
audi,a3-berline,8,Diesel,2021,Automatique,1,499000
audi,a3-sportback,8,Diesel,2021,Manuelle,1,327000
audi,a3-sportback,8,Diesel,2021,Manuelle,1,365000
audi,a3-sportback,8,Diesel,2021,Automatique,1,365000
audi,a3-sportback,8,Diesel,2021,Automatique,1,409000
audi,a3-sportback,8,Diesel,2021,Automatique,1,451000
audi,a3-sportback,8,Diesel,2021,Automatique,1,484000
audi,a4,8,Diesel,2020,Manuelle,1,463000
audi,a4,8,Diesel,2020,Automatique,1,483000
audi,a4,8,Diesel,2020,Automatique,1,523000
audi,a4,8,Diesel,2020,Automatique,1,640000
audi,a5-coupe,8,Diesel,2020,Automatique,1,699000
audi,a5-sportback,8,Diesel,2020,Automatique,1,522000
audi,a5-sportback,8,Diesel,2020,Automatique,1,578000
audi,a5-sportback,8,Diesel,2020,Automatique,1,583000
audi,a5-sportback,8,Diesel,2020,Automatique,1,706000
audi,a6,8,Diesel,2020,Automatique,1,540000
audi,a6,8,Diesel,2020,Automatique,1,635000
audi,a6,8,Diesel,2020,Automatique,1,717000
audi,a6,8,Diesel,2020,Automatique,1,829000
audi,a6,12,Diesel,2020,Automatique,1,925000
audi,a6,12,Diesel,2020,Automatique,1,959000
audi,a7,8,Diesel,2020,Automatique,1,780000
audi,a7,8,Diesel,2020,Automatique,1,900000
audi,a7,12,Diesel,2020,Automatique,1,1000000
audi,a7,12,Diesel,2020,Automatique,1,1100000
audi,a8,12,Diesel,2022,Automatique,1,1230000
audi,a8,12,Diesel,2022,Automatique,1,1340000
audi,a8,12,Diesel,2022,Automatique,1,1500000
audi,e-tron,22,Electrique,2022,Automatique,1,1050000
audi,e-tron,22,Electrique,2022,Automatique,1,1110000
audi,e-tron-sportback,22,Electrique,2022,Automatique,1,1110000
audi,e-tron-sportback,22,Electrique,2022,Automatique,1,1110000
audi,q2,8,Diesel,2021,Automatique,1,387000
audi,q2,8,Diesel,2021,Automatique,1,424000
audi,q2,8,Diesel,2021,Automatique,1,467000
audi,q3,8,Diesel,2020,Automatique,1,460000
audi,q3,8,Diesel,2020,Automatique,1,489000
audi,q3,8,Diesel,2020,Automatique,1,522000
audi,q3,8,Diesel,2020,Automatique,1,652000
audi,q3-sportback,8,Diesel,2020,Automatique,1,520000
audi,q3-sportback,8,Diesel,2020,Automatique,1,580000
audi,q3-sportback,8,Diesel,2020,Automatique,1,695000
audi,q5,8,Diesel,2021,Automatique,1,540000
audi,q5,8,Diesel,2021,Automatique,1,585000
audi,q5,8,Diesel,2021,Automatique,1,600000
audi,q5,8,Diesel,2021,Automatique,1,650000
audi,q5,8,Diesel,2021,Automatique,1,780000
audi,q5-sportback,8,Diesel,2021,Automatique,1,737000
audi,q5-sportback,8,Diesel,2021,Automatique,1,771000
audi,q5-sportback,8,Diesel,2021,Automatique,1,825000
audi,q5-sportback,8,Diesel,2021,Automatique,1,903000
audi,q7,12,Diesel,2020,Automatique,1,834000
audi,q7,12,Diesel,2020,Automatique,1,964000
audi,q7,12,Diesel,2020,Automatique,1,984000
audi,q7,12,Diesel,2020,Automatique,1,1049000
audi,q7,12,Diesel,2020,Automatique,1,1069000
audi,q8,12,Diesel,2019,Automatique,1,965000
audi,q8,12,Diesel,2019,Automatique,1,1050000
audi,q8,12,Diesel,2019,Automatique,1,1050000
audi,q8,12,Diesel,2019,Automatique,1,1160000
audi,q8,12,Diesel,2019,Automatique,1,1265000
audi,q8,12,Diesel,2019,Automatique,1,1350000
audi,q8-e-tron,,Electrique,2023,Automatique,1,900000
audi,q8-e-tron,,Electrique,2023,Automatique,1,1040000
audi,q8-e-tron,,Electrique,2023,Automatique,1,1150000
audi,q8-e-tron,,Electrique,2023,Automatique,1,1230000
audi,q8-e-tron-sportback,,Electrique,2023,Automatique,1,960000
audi,q8-e-tron-sportback,,Electrique,2023,Automatique,1,1100000
audi,q8-e-tron-sportback,,Electrique,2023,Automatique,1,1230000
audi,q8-e-tron-sportback,,Electrique,2023,Automatique,1,1310000
audi,sq5,8,Diesel,2021,Automatique,1,1050000
audi,sq5-sportback,8,Diesel,2021,Automatique,1,1000000
bentley,bentayga,,Diesel,2017,Automatique,1,None
bentley,bentayga,,Essence,2017,Automatique,1,None
bentley,bentayga,,Essence,2017,Automatique,1,None
bentley,flying-spur,,Essence,2017,Automatique,1,None
bentley,flying-spur,,Essence,2017,Automatique,1,None
bentley,flying-spur,,Essence,2017,Automatique,1,None
bentley,flying-spur,,Essence,2017,Automatique,1,None
bentley,mulsanne,,Essence,2017,Automatique,1,None
bentley,mulsanne,,Essence,2017,Automatique,1,None
bentley,mulsanne,,Essence,2017,Automatique,1,None
bmw,i4,,Electrique,2022,Automatique,1,815000
bmw,i4,,Electrique,2022,Automatique,1,890000
bmw,i4,25,Electrique,2022,Automatique,1,922000
bmw,i4,25,Electrique,2022,Automatique,1,978000
bmw,ix,15,Electrique,2022,Automatique,1,1005000
bmw,ix,15,Electrique,2022,Automatique,1,1120000
bmw,ix,25,Electrique,2022,Automatique,1,1177000
bmw,ix,15,Electrique,2022,Automatique,1,1309000
bmw,m2,17,Essence,2020,Automatique,1,772000
bmw,m2,17,Essence,2020,Automatique,1,850000
bmw,m5,25,Essence,2019,Automatique,1,1445000
bmw,m5,25,Essence,2019,Automatique,1,1545000
bmw,serie-1,6,Diesel,2020,Automatique,1,323000
bmw,serie-1,8,Diesel,2020,Automatique,1,339500
bmw,serie-1,6,Diesel,2020,Automatique,1,352000
bmw,serie-1,8,Diesel,2020,Automatique,1,372000
bmw,serie-1,6,Diesel,2020,Automatique,1,395000
bmw,serie-1,8,Diesel,2020,Automatique,1,414000
bmw,serie-2,8,Diesel,2019,Automatique,1,425000
bmw,serie-2,8,Diesel,2019,Automatique,1,438000
bmw,serie-2,8,Diesel,2019,Automatique,1,459000
bmw,serie-2,8,Diesel,2019,Automatique,1,470000
bmw,serie-2,17,Essence,2019,Automatique,1,567000
bmw,serie-2,17,Essence,2019,Automatique,1,615000
bmw,serie-2-gran-coupe,6,Diesel,2020,Automatique,1,357000
bmw,serie-2-gran-coupe,8,Diesel,2020,Automatique,1,377000
bmw,serie-2-gran-coupe,6,Diesel,2020,Automatique,1,397000
bmw,serie-2-gran-coupe,8,Diesel,2020,Automatique,1,416000
bmw,serie-2-gran-coupe,6,Diesel,2020,Automatique,1,439000
bmw,serie-2-gran-coupe,8,Diesel,2020,Automatique,1,459000
bmw,serie-2-gran-coupe,9,Essence,2020,Automatique,1,361000
bmw,serie-2-gran-coupe,9,Essence,2020,Automatique,1,395000
bmw,serie-2-gran-coupe,9,Essence,2020,Automatique,1,429000
bmw,serie-2-gran-coupe,11,Essence,2020,Automatique,1,675000
bmw,serie-2-gran-coupe,11,Essence,2020,Automatique,1,736000
bmw,serie-3,8,Diesel,2022,Automatique,1,417000
bmw,serie-3,8,Diesel,2022,Automatique,1,466000
bmw,serie-3,8,Diesel,2022,Automatique,1,493000
bmw,serie-3,8,Diesel,2022,Automatique,1,538000
bmw,serie-3,8,Diesel,2022,Automatique,1,606000
bmw,serie-4-cabriolet,11,Essence,2021,Automatique,1,568000
bmw,serie-4-cabriolet,11,Essence,2021,Automatique,1,621000
bmw,serie-4-cabriolet,11,Essence,2021,Automatique,1,626000
bmw,serie-4-cabriolet,11,Essence,2021,Automatique,1,654000
bmw,serie-4-cabriolet,11,Essence,2021,Automatique,1,679000
bmw,serie-4-cabriolet,11,Essence,2021,Automatique,1,711000
bmw,serie-4-gran-coupe,8,Diesel,2021,Automatique,1,535000
bmw,serie-4-gran-coupe,8,Diesel,2021,Automatique,1,587000
bmw,serie-4-gran-coupe,8,Diesel,2021,Automatique,1,666000
bmw,serie-5,11,Hybride,2022,Automatique,1,647000
bmw,serie-5,11,Hybride,2022,Automatique,1,755000
bmw,serie-5,8,Diesel,2022,Automatique,1,499900
bmw,serie-5,8,Diesel,2022,Automatique,1,571000
bmw,serie-5,8,Diesel,2022,Automatique,1,632000
bmw,serie-5,12,Diesel,2022,Automatique,1,683000
bmw,serie-5,8,Diesel,2022,Automatique,1,685000
bmw,serie-5,12,Diesel,2022,Automatique,1,735000
bmw,serie-5,12,Diesel,2022,Automatique,1,778000
bmw,serie-7,17,Hybride,2019,Automatique,1,1300000
bmw,serie-7,17,Hybride,2019,Automatique,1,1355000
bmw,serie-7,17,Hybride,2019,Automatique,1,1400000
bmw,serie-7,17,Hybride,2019,Automatique,1,1440000
bmw,serie-7,17,Hybride,2019,Automatique,1,1455000
bmw,serie-7,12,Diesel,2019,Automatique,1,1010000
bmw,serie-7,12,Diesel,2019,Automatique,1,1120000
bmw,serie-7,12,Diesel,2019,Automatique,1,1160000
bmw,serie-7,12,Diesel,2019,Automatique,1,1210000
bmw,serie-7,12,Diesel,2019,Automatique,1,1275000
bmw,serie-7,12,Diesel,2019,Automatique,1,1325000
bmw,serie-8,12,Diesel,2020,Automatique,1,1315000
bmw,serie-8,12,Diesel,2020,Automatique,1,1365000
bmw,serie-8,25,Essence,2020,Automatique,1,1519000
bmw,serie-8-cabriolet,25,Essence,2020,Automatique,1,1660000
bmw,serie-8-cabriolet,25,Essence,2020,Automatique,1,2175000
bmw,serie-8-gran-coupe,12,Diesel,2022,Automatique,1,1271000
bmw,serie-8-gran-coupe,12,Diesel,2022,Automatique,1,1380000
bmw,serie-8-gran-coupe,25,Essence,2022,Automatique,1,1523000
bmw,serie-8-gran-coupe,25,Essence,2022,Automatique,1,1575000
bmw,serie-8-gran-coupe,25,Essence,2022,Automatique,1,1790000
bmw,serie-8-gran-coupe,25,Essence,2022,Automatique,1,2042000
bmw,x2,8,Diesel,2018,Automatique,1,429000
bmw,x2,8,Diesel,2018,Automatique,1,488000
bmw,x2,8,Diesel,2018,Automatique,1,488000
bmw,x2,8,Diesel,2018,Automatique,1,498000
bmw,x2,8,Diesel,2018,Automatique,1,536000
bmw,x2,8,Diesel,2018,Automatique,1,536000
bmw,x2,8,Diesel,2018,Automatique,1,537000
bmw,x2,8,Diesel,2018,Automatique,1,575000
bmw,x2,8,Diesel,2018,Automatique,1,575000
bmw,x3,8,Diesel,2021,Automatique,1,470500
bmw,x3,8,Diesel,2021,Automatique,1,504000
bmw,x3,8,Diesel,2021,Automatique,1,524000
bmw,x3,8,Diesel,2021,Automatique,1,568000
bmw,x4,8,Diesel,2021,Automatique,1,618000
bmw,x4,8,Diesel,2021,Automatique,1,714000
bmw,x5,17,Hybride,2022,Automatique,1,886000
bmw,x5,17,Hybride,2022,Automatique,1,912000
bmw,x5,17,Hybride,2022,Automatique,1,939000
bmw,x5,17,Hybride,2022,Automatique,1,963000
bmw,x5,8,Diesel,2019,Automatique,1,708000
bmw,x5,8,Diesel,2019,Automatique,1,748000
bmw,x5,12,Diesel,2022,Automatique,1,773000
bmw,x5,8,Diesel,2019,Automatique,1,785000
bmw,x5,12,Diesel,2022,Automatique,1,800000
bmw,x5,8,Diesel,2022,Automatique,1,815000
bmw,x5,12,Diesel,2022,Automatique,1,838000
bmw,x5,12,Diesel,2019,Automatique,1,839000
bmw,x5,12,Diesel,2022,Automatique,1,865000
bmw,x5,12,Diesel,2019,Automatique,1,869000
bmw,x5,12,Diesel,2022,Automatique,1,905000
bmw,x5,12,Diesel,2022,Automatique,1,935000
bmw,x5,17,Essence,2022,Automatique,1,806000
bmw,x5,17,Essence,2022,Automatique,1,839000
bmw,x5,17,Essence,2022,Automatique,1,884000
bmw,x5,17,Essence,2022,Automatique,1,919000
bmw,x6,12,Diesel,2020,Automatique,1,855000
bmw,x6,12,Diesel,2020,Automatique,1,941000
bmw,x6,12,Diesel,2020,Automatique,1,967000
bmw,x6,17,Essence,2020,Automatique,1,880000
bmw,x6,17,Essence,2020,Automatique,1,967000
bmw,x6,17,Essence,2020,Automatique,1,995000
bmw,x7,12,Diesel,2020,Automatique,1,950000
bmw,x7,12,Diesel,2020,Automatique,1,1120000
bmw,x7,12,Diesel,2020,Automatique,1,1155000
bmw,x7,12,Diesel,2020,Automatique,1,1295000
bmw,x7,12,Diesel,2020,Automatique,1,1515000
bmw,z4,11,Essence,2020,Automatique,1,559000
bmw,z4,11,Essence,2020,Automatique,1,657000
bmw,z4,11,Essence,2020,Automatique,1,660000
bmw,z4,11,Essence,2020,Automatique,1,766000
bmw,z4,17,Essence,2020,Automatique,1,830000
byd,atto3,,Electrique,2023,,1,399000
byd,atto3,,Electrique,2023,,1,419000
byd,atto3,,Electrique,2023,,1,449000
byd,han,,Electrique,2023,,1,739000
byd,seal,,Electrique,2023,,1,549000
byd,seal,,Electrique,2023,,1,599000
byd,t3,,Electrique,2023,,1,399000
byd,tang,,Electrique,2023,,1,699000
chery,tiggo-2-pro,9,Essence,2022,Manuelle,1,155000
chery,tiggo-2-pro,9,Essence,2022,Manuelle,1,166000
chery,tiggo-2-pro,9,Essence,2022,Manuelle,1,189000
chery,tiggo-4-pro,9,Essence,2022,Automatique,1,235000
chery,tiggo-7-pro,9,Essence,2022,Automatique,1,263000
chery,tiggo-7-pro,9,Essence,2022,Automatique,1,295000
chery,tiggo-8-pro,11,Essence,2022,Automatique,1,345000
chery,tiggo-8-pro,11,Essence,2022,Automatique,1,430000
citroen,ami,2,Electrique,2021,Automatique,1,100900
citroen,ami-buggy,2,Electrique,2023,Automatique,1,120000
citroen,berlingo,6,Diesel,2019,Manuelle,1,199900
citroen,berlingo,6,Diesel,2019,Manuelle,1,189900
citroen,berlingo,6,Diesel,2019,Manuelle,1,245500
citroen,berlingo,6,Diesel,2019,Manuelle,1,235900
citroen,berlingo-vul,6,Diesel,2022,Manuelle,1,225000
citroen,c-elysee,6,Diesel,2016,Manuelle,1,151900
citroen,c1,6,Essence,2017,Manuelle,1,None
citroen,c3,6,Diesel,2020,Manuelle,1,178900
citroen,c3,6,Diesel,2020,Manuelle,1,180000
citroen,c3,6,Diesel,2020,Manuelle,1,184900
citroen,c3,6,Essence,2020,Manuelle,1,177900
citroen,c3-aircross,6,Diesel,2021,Automatique,1,228900
citroen,c4,6,Diesel,2021,Automatique,1,281900
citroen,c4,6,Diesel,2021,Automatique,1,263900
citroen,c4,6,Diesel,2021,Automatique,1,273900
citroen,c4-x,6,Diesel,2023,Automatique,1,272900
citroen,c4-x,6,Diesel,2023,Automatique,1,292900
citroen,c5-aircross,6,Diesel,2022,Automatique,1,306900
citroen,c5-aircross,6,Diesel,2022,Automatique,1,327900
citroen,c5-aircross,8,Diesel,2022,Automatique,1,359900
citroen,jumper,9,Diesel,2021,Manuelle,1,299900
citroen,jumper,9,Diesel,2020,Manuelle,1,309000
citroen,jumper,9,Diesel,2020,Manuelle,1,337000
citroen,jumper,9,Diesel,2020,Manuelle,1,337000
citroen,jumpy,6,Diesel,2020,Manuelle,1,249900
citroen,jumpy,6,Diesel,2020,Manuelle,1,309900
citroen,nemo,70,Diesel,2016,Manuelle,1,None
citroen,spacetourer,6,Diesel,2020,Manuelle,1,309900
citroen,spacetourer,6,Diesel,2020,Manuelle,1,334900
dacia,duster,6,Diesel,2022,Manuelle,1,179090
dacia,duster,6,Diesel,2021,Manuelle,1,201960
dacia,duster,6,Diesel,2021,Automatique,1,210870
dacia,duster,6,Diesel,2021,Manuelle,1,219285
dacia,duster,6,Diesel,2021,Automatique,1,223740
dacia,duster,6,Diesel,2021,Automatique,1,234630
dacia,duster,6,Diesel,2021,Automatique,1,236610
dacia,lodgy,7,Diesel,2016,Manuelle,1,138775
dacia,lodgy,7,Diesel,2016,Manuelle,1,157155
dacia,logan,6,Diesel,2021,Manuelle,1,139100
dacia,logan,6,Diesel,2022,Manuelle,1,153400
dacia,logan,6,Diesel,2022,Manuelle,1,161300
dacia,logan,5,Essence,2021,Manuelle,1,126000
dacia,logan,5,Essence,2021,Automatique,1,139700
dacia,logan,5,Essence,2021,Automatique,1,150500
dacia,sandero-stepway,6,Diesel,2021,Manuelle,1,152000
dacia,sandero-stepway,6,Diesel,2021,Manuelle,1,155000
dacia,sandero-stepway,6,Diesel,2021,Manuelle,1,165900
dacia,sandero-stepway,6,Essence,2021,Automatique,1,162900
dacia,sandero-stepway,6,Essence,2021,Automatique,1,172800
dacia,sandero-streetway,6,Diesel,2021,Manuelle,1,140100
dacia,sandero-streetway,6,Diesel,2021,Manuelle,1,151000
dacia,sandero-streetway,6,Diesel,2021,Manuelle,1,157900
dacia,spring,5,Electrique,2023,Automatique,1,199000
dacia,spring,5,Electrique,2023,Automatique,1,199000
dacia,spring,5,Electrique,2023,Automatique,1,209000
dacia,spring,5,Electrique,2023,Automatique,1,215000
dfsk,c31,9,Essence,2019,Manuelle,1,129000
dfsk,c35,9,Essence,2019,Manuelle,1,205000
dfsk,glory-500,,Essence,2022,Automatique,1,205000
dfsk,glory-580,9,Essence,2020,Automatique,1,275000
dfsk,glory-ix5,9,Essence,2020,Automatique,1,300000
dfsk,k01h,6,Essence,2019,Manuelle,1,113000
dfsk,k01l,,Essence,2019,Manuelle,1,89000
dfsk,k01s,,Essence,2018,Manuelle,1,104000
dfsk,k05,6,Essence,2019,Manuelle,1,89000
dfsk,super-cab,5,Diesel,2019,Manuelle,1,159000
ds,ds4,6,Diesel,2022,Automatique,1,394900
ds,ds4,6,Diesel,2022,Automatique,1,429900
ds,ds4,6,Diesel,2022,Automatique,1,449900
ds,ds7,6,Diesel,2023,Automatique,1,429900
ds,ds7,6,Diesel,2023,Automatique,1,470900
ds,ds7,6,Diesel,2023,Automatique,1,539900
ferrari,812-superfast,,Essence,2017,Automatique,1,None
ferrari,gtc4lusso,,Essence,2017,Automatique,1,None
ferrari,gtc4lusso,,Essence,2016,Automatique,1,None
fiat,500,7,Essence,2022,Automatique,1,160750
fiat,500,7,Essence,2022,Automatique,1,192150
fiat,500,7,Essence,2022,Manuelle,1,182350
fiat,500,7,Essence,2022,Manuelle,1,191550
fiat,500c,7,Essence,2022,Manuelle,1,196000
fiat,500c,7,Essence,2022,Manuelle,1,232150
fiat,500x,8,Essence,2023,Automatique,1,304000
fiat,500x,8,Essence,2023,Automatique,1,313500
fiat,doblo,6,Diesel,2023,Manuelle,1,195500
fiat,doblo,6,Diesel,2023,Manuelle,1,205500
fiat,doblo,6,Diesel,2023,Manuelle,1,220000
fiat,doblo,6,Diesel,2023,Manuelle,1,245100
fiat,doblo,6,Diesel,2023,Manuelle,1,252100
fiat,fiorino,5,Diesel,2017,Manuelle,1,125500
fiat,fiorino,5,Diesel,2017,Manuelle,1,127500
fiat,fiorino,5,Diesel,2017,Manuelle,1,129900
fiat,fullback,10,Diesel,2017,Manuelle,1,254900
fiat,fullback,10,Diesel,2017,Manuelle,1,289000
fiat,panda,7,Essence,2016,Manuelle,1,103900
fiat,panda,7,Essence,2016,Manuelle,1,114900
fiat,panda,7,Essence,2016,Manuelle,1,125900
fiat,talento,6,Diesel,2020,Manuelle,1,232900
fiat,talento,6,Diesel,2020,Manuelle,1,299900
fiat,tipo,5,Diesel,2017,Manuelle,1,166500
fiat,tipo,6,Diesel,2017,Manuelle,1,196000
fiat,tipo,6,Diesel,2017,Manuelle,1,222000
fiat,tipo,8,Essence,2017,Manuelle,1,156000
fiat,tipo-hatchback,6,Diesel,2018,Manuelle,1,184900
fiat,tipo-hatchback,6,Diesel,2018,Manuelle,1,204900
fiat,tipo-hatchback,6,Diesel,2018,Automatique,1,219900
fiat,tipo-hatchback,6,Diesel,2018,Manuelle,1,224900
fiat,tipo-hatchback,6,Diesel,2018,Manuelle,1,239900
ford,c-max,6,Diesel,2016,Manuelle,1,None
ford,ecosport,6,Diesel,2018,Manuelle,1,225000
ford,ecosport,6,Diesel,2018,Manuelle,1,255000
ford,explorer,,Hybride,2020,Automatique,1,772000
ford,focus-4p,6,Diesel,2022,Automatique,1,270000
ford,focus-4p,6,Diesel,2022,Automatique,1,301000
ford,focus-4p,6,Essence,2022,Manuelle,1,210000
ford,focus-5p,6,Diesel,2022,Automatique,1,309495
ford,focus-5p,6,Diesel,2022,Automatique,1,316000
ford,focus-5p,6,Essence,2022,Manuelle,1,230000
ford,fusion,11,Hybride,2021,Automatique,1,328000
ford,fusion,11,Hybride,2021,Automatique,1,378000
ford,kuga,6,Diesel,2020,Manuelle,1,306000
ford,kuga,6,Diesel,2020,Automatique,1,316000
ford,kuga,6,Diesel,2020,Automatique,1,334495
ford,mustang,13,Essence,2016,Automatique,1,667000
ford,mustang,13,Essence,2016,Automatique,1,747000
ford,ranger,8,Diesel,2016,Automatique,1,460000
ford,ranger,8,Diesel,2016,Automatique,1,590000
ford,ranger,8,Diesel,2023,Automatique,1,720000
ford,tourneo-connect,6,Diesel,2018,Manuelle,1,None
ford,tourneo-connect,6,Diesel,2018,Manuelle,1,None
ford,transit,9,Diesel,2020,Manuelle,1,297000
ford,transit,9,Diesel,2020,Manuelle,1,307000
ford,transit,9,Diesel,2020,Manuelle,1,307000
ford,transit,9,Diesel,2020,Manuelle,1,317000
ford,transit,9,Diesel,2020,Manuelle,1,322000
ford,transit,9,Diesel,2020,Manuelle,1,337000
ford,transit,9,Diesel,2020,Manuelle,1,347000
ford,transit,9,Diesel,2020,Manuelle,1,367000
ford,transit,9,Diesel,2020,Manuelle,1,441000
ford,transit-custom,9,Diesel,2019,Manuelle,1,337000
ford,transit-custom,9,Diesel,2019,Manuelle,1,397000
ford,transit-custom,9,Diesel,2019,Manuelle,1,467000
ford,transit-custom,9,Diesel,2019,Manuelle,1,497000
gaz,next,10,Diesel,2021,Manuelle,1,215000
gaz,next,10,Diesel,2021,Manuelle,1,250000
gaz,next-van,,Diesel,2021,Manuelle,1,250000
gaz,next-van,,Diesel,2021,Manuelle,1,270000
geely,coolray,9,Essence,2023,Automatique,1,265000
geely,coolray,9,Essence,2023,Automatique,1,295000
geely,coolray,9,Essence,2023,Automatique,1,320000
geely,geometry-c,8,Electrique,2023,Automatique,1,410000
geely,geometry-c,8,Electrique,2023,Automatique,1,490000
geely,geometry-c,8,Electrique,2023,Automatique,1,520000
geely,gx3-pro,9,Essence,2023,Manuelle,1,159900
geely,gx3-pro,9,Essence,2023,Manuelle,1,189900
geely,gx3-pro,9,Essence,2023,Manuelle,1,209900
honda,accord,13,Essence,2017,Automatique,1,None
honda,civic,9,Essence,2022,Automatique,1,292945
honda,civic,9,Essence,2022,Automatique,1,342945
honda,cr-v,,Hybride,2023,Automatique,1,504000
honda,cr-v,,Hybride,2023,Automatique,1,540000
honda,hr-v,9,Essence,2022,Automatique,1,282945
honda,hr-v,9,Essence,2022,Automatique,1,312945
honda,jazz,9,Hybride,2020,Automatique,1,232945
hyundai,accent,9,Diesel,2024,Automatique,1,210900
hyundai,accent,9,Diesel,2024,Automatique,1,237900
hyundai,accent,9,Diesel,2024,Automatique,1,264900
hyundai,creta,6,Diesel,2021,Manuelle,1,253000
hyundai,creta,6,Diesel,2021,Automatique,1,274000
hyundai,creta,6,Diesel,2021,Manuelle,1,274000
hyundai,creta,6,Diesel,2021,Automatique,1,296000
hyundai,elantra,9,Hybride,2022,Automatique,1,303000
hyundai,elantra,9,Hybride,2022,Automatique,1,324000
hyundai,i10,6,Essence,2021,Manuelle,1,137000
hyundai,i10,6,Essence,2021,Manuelle,1,142000
hyundai,i10,6,Essence,2021,Automatique,1,147000
hyundai,i10,6,Essence,2021,Manuelle,1,147000
hyundai,i10,6,Essence,2021,Automatique,1,157000
hyundai,i10,6,Essence,2021,Automatique,1,168000
hyundai,i20,8,Hybride,2022,Automatique,1,231900
hyundai,i20,8,Essence,2022,Manuelle,1,169000
hyundai,i20,8,Essence,2022,Manuelle,1,190000
hyundai,i20,8,Essence,2022,Manuelle,1,190000
hyundai,i20,8,Essence,2022,Manuelle,1,211000
hyundai,i30,6,Diesel,2021,Automatique,1,274000
hyundai,ioniq-5,7,Electrique,2022,Automatique,1,579000
hyundai,ioniq-5,7,Electrique,2022,Automatique,1,639000
hyundai,ioniq-5,8,Electrique,2022,Automatique,1,689000
hyundai,kona,9,Hybride,2021,Automatique,1,306000
hyundai,santa-fe,9,Diesel,2021,Automatique,1,432000
hyundai,santa-fe,9,Diesel,2021,Automatique,1,454000
hyundai,santa-fe,9,Diesel,2021,Automatique,1,464000
hyundai,santa-fe,9,Diesel,2021,Automatique,1,486000
hyundai,santa-fe,9,Diesel,2021,Automatique,1,518000
hyundai,santa-fe,9,Diesel,2021,Automatique,1,550000
hyundai,sonata,11,Hybride,2021,Automatique,1,380000
hyundai,sonata,11,Hybride,2021,Automatique,1,422000
hyundai,tucson,6,Hybride,2022,Automatique,1,380000
hyundai,tucson,6,Hybride,2022,Automatique,1,412000
hyundai,tucson,6,Hybride,2022,Automatique,1,444000
hyundai,tucson,6,Diesel,2021,Automatique,1,328000
hyundai,tucson,6,Diesel,2021,Automatique,1,360000
hyundai,tucson,6,Diesel,2022,Automatique,1,391000
hyundai,tucson,6,Diesel,2022,Automatique,1,422000
jaguar,e-pace,8,Diesel,2018,Automatique,1,606400
jaguar,e-pace,8,Diesel,2018,Automatique,1,606400
jaguar,e-pace,8,Diesel,2021,Automatique,1,712000
jaguar,e-pace,8,Diesel,2018,Automatique,1,763400
jaguar,f-pace,8,Diesel,2020,Automatique,1,677600
jaguar,f-pace,8,Diesel,2020,Automatique,1,774000
jaguar,f-pace,11,Essence,2020,Automatique,1,581700
jaguar,f-pace,11,Essence,2020,Automatique,1,672100
jaguar,f-pace,29,Essence,2020,Automatique,1,1209200
jaguar,f-type,11,Essence,2020,Automatique,1,800700
jaguar,f-type,11,Essence,2020,Automatique,1,905800
jaguar,i-pace,24,Electrique,2020,Automatique,1,1085200
jaguar,i-pace,24,Electrique,2020,Automatique,1,1222100
jaguar,i-pace,24,Electrique,2020,Automatique,1,1325300
jaguar,xe,8,Diesel,2016,Automatique,1,496400
jaguar,xe,8,Diesel,2016,Automatique,1,517400
jaguar,xe,8,Diesel,2016,Automatique,1,545600
jaguar,xe,8,Diesel,2021,Automatique,1,556000
jaguar,xe,8,Diesel,2021,Automatique,1,567100
jaguar,xe,8,Diesel,2021,Automatique,1,678800
jaguar,xf,8,Diesel,2021,Automatique,1,520000
jaguar,xf,8,Diesel,2021,Automatique,1,681200
jaguar,xf,8,Diesel,2021,Automatique,1,733600
jaguar,xj,12,Diesel,2011,Automatique,1,1062500
jaguar,xj,17,Essence,2011,Automatique,1,758200
jaguar,xj,17,Essence,2011,Automatique,1,1037300
jaguar,xj,17,Essence,2011,Automatique,1,1242300
jeep,cherokee,9,Diesel,2017,Automatique,1,409000
jeep,compass,7,Hybride,2022,Manuelle,1,341500
jeep,compass,7,Hybride,2022,Automatique,1,379700
jeep,compass,6,Diesel,2022,Manuelle,1,302500
jeep,compass,6,Diesel,2022,Manuelle,1,345500
jeep,grand-cherokee,12,Diesel,2017,Automatique,1,477500
jeep,grand-cherokee,12,Diesel,2017,Automatique,1,541500
jeep,renegade,6,Diesel,2021,Automatique,1,243500
jeep,renegade,6,Diesel,2021,Automatique,1,276500
jeep,renegade,6,Essence,2021,Automatique,1,309000
jeep,wrangler,9,Diesel,2020,Automatique,1,515000
jeep,wrangler,9,Diesel,2020,Automatique,1,555000
jeep,wrangler,9,Diesel,2020,Automatique,1,575000
jeep,wrangler,9,Diesel,2020,Automatique,1,595000
jeep,wrangler,9,Diesel,2020,Automatique,1,615000
jeep,wrangler,9,Diesel,2020,Automatique,1,635000
kia,carens,6,Diesel,2022,Manuelle,1,243000
kia,carens,6,Diesel,2022,Manuelle,1,259500
kia,carens,6,Diesel,2022,Automatique,1,259500
kia,carens,6,Diesel,2022,Automatique,1,275500
kia,carens,6,Diesel,2022,Automatique,1,299900
kia,carnival,9,Diesel,2021,Automatique,1,617500
kia,ceed,6,Diesel,2022,Manuelle,1,268500
kia,ceed,6,Diesel,2022,Automatique,1,289900
kia,ceed,6,Diesel,2022,Automatique,1,320900
kia,ceed,6,Diesel,2022,Automatique,1,339500
kia,cerato,6,Diesel,2020,Manuelle,1,None
kia,cerato,6,Diesel,2020,Manuelle,1,None
kia,cerato,6,Diesel,2020,Automatique,1,None
kia,ev6,9,Electrique,2023,Automatique,1,679000
kia,ev6,13,Electrique,2023,Automatique,1,779000
kia,k2500,10,Diesel,2020,Manuelle,1,232900
kia,k2500,10,Diesel,2020,Manuelle,1,241900
kia,k2500,10,Diesel,2020,Manuelle,1,246500
kia,k5,11,Hybride,2020,Automatique,1,423500
kia,k5,11,Hybride,2020,Automatique,1,457500
kia,niro,9,Hybride,2020,Automatique,1,310900
kia,niro,9,Hybride,2020,Automatique,1,347100
kia,niro,9,Hybride,2020,Automatique,1,386500
kia,picanto,6,Essence,2018,Manuelle,1,133500
kia,picanto,6,Essence,2018,Manuelle,1,138900
kia,picanto,6,Essence,2018,Manuelle,1,139900
kia,picanto,6,Essence,2018,Automatique,1,144900
kia,picanto,6,Essence,2018,Automatique,1,158900
kia,picanto,6,Essence,2018,Automatique,1,159900
kia,picanto,6,Essence,2018,Automatique,1,149900
kia,picanto,6,Essence,2018,Automatique,1,160500
kia,picanto,7,Essence,2018,Automatique,1,159500
kia,rio,8,Essence,2020,Manuelle,1,None
kia,rio,8,Essence,2020,Manuelle,1,None
kia,rio,8,Essence,2020,Manuelle,1,None
kia,rio,8,Essence,2020,Manuelle,1,None
kia,rio,8,Essence,2020,Manuelle,1,None
kia,rio,8,Essence,2020,Manuelle,1,None
kia,seltos,6,Diesel,2020,Manuelle,1,258900
kia,seltos,6,Diesel,2020,Manuelle,1,273500
kia,seltos,6,Diesel,2020,Manuelle,1,275000
kia,seltos,6,Diesel,2020,Automatique,1,288900
kia,seltos,6,Diesel,2020,Automatique,1,298000
kia,seltos,6,Diesel,2020,Automatique,1,314000
kia,seltos,6,Diesel,2020,Automatique,1,314000
kia,seltos,6,Diesel,2020,Automatique,1,341900
kia,sonet,8,Essence,2022,Automatique,1,222600
kia,sonet,8,Essence,2022,Automatique,1,239400
kia,sonet,8,Essence,2022,Automatique,1,244500
kia,sonet,8,Essence,2022,Automatique,1,256200
kia,sorento,9,Diesel,2021,Automatique,1,399000
kia,sorento,9,Diesel,2021,Automatique,1,436000
kia,sorento,9,Diesel,2022,Automatique,1,462900
kia,sorento,9,Diesel,2021,Automatique,1,510500
kia,sorento,9,Diesel,2021,Automatique,1,530500
kia,sorento-hybrid,9,Hybride,2022,Automatique,1,500500
kia,sorento-hybrid,9,Hybride,2022,Automatique,1,546000
kia,sorento-hybrid,9,Hybride,2022,Automatique,1,568900
kia,sportage,6,Diesel,2022,Automatique,1,319000
kia,sportage,6,Diesel,2022,Automatique,1,391000
kia,sportage,6,Diesel,2022,Automatique,1,460900
kia,sportage-hybrid,9,Hybride,2022,Automatique,1,418900
kia,sportage-hybrid,9,Hybride,2022,Automatique,1,454100
kia,stinger,11,Essence,2021,Automatique,1,499000
kia,stinger,17,Essence,2021,Automatique,1,649000
land-rover,defender,12,Diesel,2020,Automatique,1,808800
land-rover,defender,12,Diesel,2020,Automatique,1,816200
land-rover,defender,12,Diesel,2021,Automatique,1,868000
land-rover,defender,8,Diesel,2020,Automatique,1,868000
land-rover,defender,12,Diesel,2021,Automatique,1,915000
land-rover,defender,12,Diesel,2021,Automatique,1,926400
land-rover,defender,12,Diesel,2021,Automatique,1,938700
land-rover,defender,8,Diesel,2020,Automatique,1,938700
land-rover,defender,17,Essence,2021,Automatique,1,936400
land-rover,defender,17,Essence,2021,Automatique,1,995500
land-rover,defender,17,Essence,2021,Automatique,1,1007100
land-rover,defender,17,Essence,2021,Automatique,1,1066700
land-rover,discovery,12,Diesel,2020,Automatique,1,758400
land-rover,discovery,8,Diesel,2020,Automatique,1,800800
land-rover,discovery,12,Diesel,2020,Automatique,1,854800
land-rover,discovery,12,Diesel,2020,Automatique,1,854800
land-rover,discovery-sport,8,Diesel,2019,Automatique,1,506100
land-rover,discovery-sport,8,Diesel,2019,Automatique,1,586900
land-rover,discovery-sport,8,Diesel,2019,Automatique,1,609200
land-rover,discovery-sport,8,Diesel,2019,Automatique,1,659900
land-rover,range-rover-evoque,8,Diesel,2019,Automatique,1,552900
land-rover,range-rover-evoque,8,Diesel,2019,Automatique,1,589000
land-rover,range-rover-evoque,8,Diesel,2019,Automatique,1,635200
land-rover,range-rover-evoque,8,Diesel,2019,Automatique,1,635300
land-rover,range-rover-evoque,11,Essence,2021,Automatique,1,531300
land-rover,range-rover-evoque,11,Essence,2021,Automatique,1,535100
land-rover,range-rover-evoque,11,Essence,2021,Automatique,1,551300
land-rover,range-rover-evoque,11,Essence,2021,Automatique,1,617100
land-rover,range-rover-sport,12,Hybride,2023,Automatique,1,1156900
land-rover,range-rover-sport,12,Hybride,2023,Automatique,1,1188800
land-rover,range-rover-sport,17,Hybride,2023,Automatique,1,1343700
land-rover,range-rover-sport,12,Hybride,2023,Automatique,1,1424600
land-rover,range-rover-sport,25,Hybride,2023,Automatique,1,1500900
land-rover,range-rover-sport,17,Hybride,2023,Automatique,1,1607000
land-rover,range-rover-velar,8,Diesel,2017,Automatique,1,728800
land-rover,range-rover-velar,8,Diesel,2017,Automatique,1,835000
land-rover,range-rover-velar,8,Diesel,2017,Automatique,1,909000
land-rover,range-rover-vogue,12,Diesel,2021,Automatique,1,1579600
land-rover,range-rover-vogue,12,Diesel,2021,Automatique,1,1889200
land-rover,range-rover-vogue,12,Diesel,2021,Automatique,1,2082300
lexus,es,14,Hybride,2020,Automatique,1,599000
lexus,is,14,Hybride,2020,Automatique,1,538000
lexus,ls,20,Hybride,2022,Automatique,1,1712000
lexus,nx,14,Hybride,2022,Automatique,1,569000
lexus,nx,14,Hybride,2022,Automatique,1,710000
lexus,nx,14,Hybride,2022,Automatique,1,793000
lexus,nx,14,Hybride,2022,Automatique,1,890500
lexus,rx,8,Hybride,2018,Automatique,1,729000
lexus,rx,8,Hybride,2018,Automatique,1,852000
lexus,rx,8,Hybride,2018,Automatique,1,906000
lexus,rx-350h,,Essence,2023,Automatique,1,740000
lexus,rx-350h,,Essence,2023,Automatique,1,860000
lexus,rx-350h,,Essence,2023,Automatique,1,920000
lexus,ux,,Hybride,2019,Automatique,1,445000
lexus,ux,,Hybride,2019,Automatique,1,510000
lexus,ux,,Hybride,2019,Automatique,1,559000
mahindra,kuv-100,5,Diesel,2019,Manuelle,1,119900
mahindra,kuv-100,5,Diesel,2019,Manuelle,1,129900
mahindra,kuv-100,7,Essence,2019,Manuelle,1,109900
mahindra,kuv-100,7,Essence,2019,Manuelle,1,119900
mahindra,scorpio,9,Diesel,2019,Manuelle,1,186900
mahindra,scorpio,9,Diesel,2019,Manuelle,1,200000
mahindra,scorpio,9,Diesel,2019,Manuelle,1,224000
mahindra,xuv-500,9,Diesel,2019,Manuelle,1,None
mahindra,xuv-500,9,Diesel,2019,Manuelle,1,None
mazda,6,9,Diesel,2016,Manuelle,1,355000
mazda,6,9,Diesel,2016,Automatique,1,425000
mazda,cx-3,6,Diesel,2020,Automatique,1,330000
mazda,cx-5,9,Diesel,2016,Manuelle,1,310000
mazda,cx-5,9,Diesel,2016,Automatique,1,379000
mercedes,cla,8,Diesel,2019,Automatique,1,465000
mercedes,cla,8,Diesel,2019,Automatique,1,495000
mercedes,cla,8,Diesel,2019,Automatique,1,519000
mercedes,cla,8,Diesel,2019,Automatique,1,605000
mercedes,classe-a,8,Essence,2022,Automatique,1,393000
mercedes,classe-a,8,Essence,2022,Automatique,1,423000
mercedes,classe-a,8,Essence,2022,Automatique,1,468000
mercedes,classe-a-berline,8,Diesel,2020,Automatique,1,403000
mercedes,classe-a-berline,8,Diesel,2020,Automatique,1,433000
mercedes,classe-a-berline,8,Diesel,2020,Automatique,1,478000
mercedes,classe-b,8,Diesel,2021,Automatique,1,350000
mercedes,classe-b,8,Diesel,2021,Automatique,1,380000
mercedes,classe-c,8,Diesel,2021,Automatique,1,525000
mercedes,classe-c,8,Diesel,2021,Automatique,1,555000
mercedes,classe-c,8,Diesel,2021,Automatique,1,565000
mercedes,classe-c,8,Diesel,2021,Automatique,1,595000
mercedes,classe-c,8,Diesel,2021,Automatique,1,645000
mercedes,classe-c,8,Diesel,2021,Automatique,1,685000
mercedes,classe-c,8,Diesel,2021,Automatique,1,705000
mercedes,classe-c,8,Diesel,2021,Automatique,1,745000
mercedes,classe-c,8,Diesel,2021,Automatique,1,770000
mercedes,classe-c,8,Diesel,2021,Automatique,1,810000
mercedes,classe-c-coupe,9,Diesel,2016,Automatique,1,709000
mercedes,classe-e,11,Hybride,2021,Automatique,1,605000
mercedes,classe-e,11,Hybride,2021,Automatique,1,695000
mercedes,classe-e,11,Hybride,2021,Automatique,1,805000
mercedes,classe-e,11,Hybride,2021,Automatique,1,835000
mercedes,classe-e,8,Diesel,2021,Automatique,1,535000
mercedes,classe-e,8,Diesel,2021,Automatique,1,565000
mercedes,classe-e,8,Diesel,2021,Automatique,1,655000
mercedes,classe-e,8,Diesel,2021,Automatique,1,765000
mercedes,classe-e,8,Diesel,2021,Automatique,1,795000
mercedes,classe-e-coupe,8,Diesel,2021,Automatique,1,664000
mercedes,classe-e-coupe,8,Diesel,2021,Automatique,1,754000
mercedes,classe-e-coupe,12,Diesel,2021,Automatique,1,814000
mercedes,classe-e-coupe,8,Diesel,2021,Automatique,1,894000
mercedes,classe-e-coupe,12,Diesel,2021,Automatique,1,904000
mercedes,classe-e-coupe,12,Diesel,2021,Automatique,1,1044000
mercedes,classe-g,12,Diesel,2020,Automatique,1,1435000
mercedes,classe-g,12,Diesel,2020,Automatique,1,1475000
mercedes,classe-g,25,Essence,2020,Automatique,1,1530000
mercedes,classe-g,25,Essence,2020,Automatique,1,1880000
mercedes,classe-s,12,Diesel,2021,Automatique,1,1445000
mercedes,classe-s,12,Diesel,2021,Automatique,1,1505000
mercedes,classe-s,12,Diesel,2021,Automatique,1,1755000
mercedes,classe-s,12,Diesel,2021,Automatique,1,1815000
mercedes,cls,12,Diesel,2022,Automatique,1,1230000
mercedes,gla,8,Diesel,2020,Automatique,1,440000
mercedes,gla,8,Diesel,2020,Automatique,1,475000
mercedes,gla,8,Diesel,2020,Automatique,1,525000
mercedes,gla,8,Diesel,2020,Automatique,1,595000
mercedes,glc,8,Diesel,2019,Automatique,1,535000
mercedes,glc,8,Diesel,2019,Automatique,1,605000
mercedes,glc,8,Diesel,2019,Automatique,1,700000
mercedes,glc,8,Diesel,2019,Automatique,1,790000
mercedes,glc-coupe,8,Diesel,2020,Automatique,1,680000
mercedes,glc-coupe,8,Diesel,2020,Automatique,1,780000
mercedes,glc-coupe,8,Diesel,2020,Automatique,1,860000
mercedes,gle,11,Hybride,2021,Automatique,1,770000
mercedes,gle,11,Hybride,2021,Automatique,1,820000
mercedes,gle,11,Hybride,2021,Automatique,1,950000
mercedes,gle,11,Hybride,2021,Automatique,1,1020000
mercedes,gle,8,Diesel,2019,Automatique,1,740000
mercedes,gle,8,Diesel,2019,Automatique,1,790000
mercedes,gle,12,Diesel,2019,Automatique,1,835000
mercedes,gle,12,Diesel,2019,Automatique,1,885000
mercedes,gle,8,Diesel,2019,Automatique,1,925000
mercedes,gle,8,Diesel,2019,Automatique,1,995000
mercedes,gle,12,Diesel,2019,Automatique,1,1020000
mercedes,gle,12,Diesel,2019,Automatique,1,1090000
mercedes,gle-coupe,11,Hybride,2021,Automatique,1,1080000
mercedes,gle-coupe,11,Hybride,2021,Automatique,1,1219000
mercedes,gle-coupe,11,Hybride,2021,Automatique,1,1345000
mercedes,gle-coupe,12,Diesel,2020,Automatique,1,975000
mercedes,gle-coupe,12,Diesel,2020,Automatique,1,1060000
mercedes,gle-coupe,12,Diesel,2020,Automatique,1,1140000
mercedes,gle-coupe,12,Diesel,2020,Automatique,1,1225000
mercedes,gle-coupe,12,Diesel,2020,Automatique,1,1240000
mercedes,gle-coupe,12,Diesel,2020,Automatique,1,1325000
mercedes,gls,12,Diesel,2016,Automatique,1,1039000
mercedes,gls,12,Diesel,2016,Automatique,1,1200000
mercedes,slc,,Diesel,2016,Automatique,1,649000
mercedes,slc,,Diesel,2016,Automatique,1,749000
mercedes,slc,,Essence,2016,Automatique,1,579000
mercedes,slc,,Essence,2016,Automatique,1,639000
mercedes,slc,,Essence,2016,Automatique,1,679000
mercedes,slc,,Essence,2016,Automatique,1,679000
mercedes,slc,,Essence,2016,Automatique,1,739000
mercedes,slc,,Essence,2016,Automatique,1,779000
mercedes,slc,,Essence,2016,Automatique,1,929000
mercedes,vito,7,Diesel,2023,Automatique,1,None
mg,hs-phev,,Electrique,2022,Automatique,1,416500
mg,hs-phev,,Electrique,2022,Automatique,1,446500
mg,mg-3,,Essence,2023,Manuelle,1,147000
mg,mg-3,,Essence,2023,Manuelle,1,164500
mg,mg-hs,,Essence,2022,Automatique,1,283500
mg,mg-hs,,Essence,2022,Automatique,1,383000
mg,mg4,,Electrique,2022,Automatique,1,369500
mg,mg4,,Electrique,2022,Automatique,1,409500
mg,mg5,,Essence,2022,Manuelle,1,185000
mg,mg5,,Essence,2022,Automatique,1,210000
mg,mg5,,Essence,2022,Automatique,1,229500
mg,zs,,Essence,2022,Automatique,1,229000
mg,zs,,Essence,2022,Automatique,1,247500
mg,zs,,Essence,2022,Automatique,1,267500
mg,zs-ev,,Electrique,2022,Automatique,1,409000
mg,zs-ev,,Electrique,2022,Automatique,1,411000
mg,zs-ev,,Electrique,2022,Automatique,1,439900
mg,zs-ev,,Electrique,2022,Automatique,1,477500
mini,cabrio,9,Essence,2021,Automatique,1,328000
mini,cabrio,9,Essence,2021,Automatique,1,396000
mini,cabrio,11,Essence,2021,Automatique,1,544000
mini,clubman,6,Diesel,2016,Manuelle,1,None
mini,clubman,8,Diesel,2016,Manuelle,1,None
mini,clubman,6,Diesel,2016,Manuelle,1,None
mini,clubman,8,Diesel,2016,Manuelle,1,None
mini,clubman,6,Diesel,2016,Manuelle,1,None
mini,clubman,8,Diesel,2016,Manuelle,1,None
mini,countryman,7,Essence,2021,Automatique,1,294000
mini,countryman,7,Essence,2021,Automatique,1,314000
mini,countryman,7,Essence,2021,Automatique,1,335000
mini,hatch-3-portes,9,Essence,2021,Automatique,1,263000
mini,hatch-3-portes,9,Essence,2021,Automatique,1,292000
mini,hatch-3-portes,9,Essence,2021,Automatique,1,323000
mini,hatch-3-portes,11,Essence,2021,Automatique,1,365000
mini,hatch-3-portes,11,Essence,2021,Automatique,1,393000
mini,hatch-3-portes,11,Essence,2021,Automatique,1,516000
mini,hatch-5-portes,9,Essence,2021,Automatique,1,273000
mini,hatch-5-portes,9,Essence,2021,Automatique,1,301000
mini,hatch-5-portes,9,Essence,2021,Automatique,1,332000
mini,hatch-5-portes,11,Essence,2021,Automatique,1,374000
mini,hatch-5-portes,11,Essence,2021,Automatique,1,402000
mitsubishi,l200,10,Diesel,2018,Manuelle,1,225000
mitsubishi,l200,10,Diesel,2018,Manuelle,1,235000
mitsubishi,l200,10,Diesel,2018,Manuelle,1,335000
mitsubishi,l200,10,Diesel,2018,Manuelle,1,355000
mitsubishi,l200,10,Diesel,2018,Automatique,1,380000
mitsubishi,outlander,8,Diesel,2016,Manuelle,1,289900
mitsubishi,outlander,8,Diesel,2016,Manuelle,1,329000
mitsubishi,outlander,8,Diesel,2016,Manuelle,1,365000
mitsubishi,pajero-sport,10,Diesel,2018,Manuelle,1,None
mitsubishi,pajero-sport,10,Diesel,2016,Manuelle,1,384000
mitsubishi,pajero-sport,10,Diesel,2016,Automatique,1,474000
nissan,evalia,6,Diesel,2016,Manuelle,1,196000
nissan,evalia,6,Diesel,2016,Manuelle,1,204000
nissan,juke,6,Essence,2020,Manuelle,1,206000
nissan,juke,6,Essence,2020,Manuelle,1,226000
nissan,juke,6,Essence,2020,Automatique,1,246000
nissan,juke,6,Essence,2020,Automatique,1,266000
nissan,micra,6,Diesel,2017,Manuelle,1,175000
nissan,micra,6,Diesel,2017,Manuelle,1,185000
nissan,navara,10,Diesel,2016,Manuelle,1,319000
nissan,navara,10,Diesel,2016,Manuelle,1,335000
nissan,navara,10,Diesel,2016,Manuelle,1,409000
nissan,qashqai,,Electrique,2023,Automatique,1,375000
nissan,qashqai,,Electrique,2023,Automatique,1,410000
nissan,qashqai,,Electrique,2023,Automatique,1,440000
nissan,qashqai,,Essence,2022,Manuelle,1,277000
nissan,qashqai,,Essence,2022,Automatique,1,297000
nissan,qashqai,,Essence,2022,Manuelle,1,307000
nissan,qashqai,,Essence,2022,Automatique,1,327000
nissan,qashqai,,Essence,2022,Manuelle,1,342000
nissan,qashqai,,Essence,2022,Automatique,1,362000
nissan,x-trail,6,Diesel,2017,Manuelle,1,348000
nissan,x-trail,6,Diesel,2017,Automatique,1,387000
nissan,x-trail,6,Diesel,2017,Automatique,1,429000
opel,astra,6,Diesel,2022,Automatique,1,289000
opel,astra,6,Diesel,2022,Automatique,1,319000
opel,combo-life,6,Diesel,2019,Manuelle,1,217000
opel,combo-life,6,Diesel,2019,Manuelle,1,233000
opel,corsa,6,Diesel,2020,Manuelle,1,179000
opel,corsa,6,Diesel,2020,Manuelle,1,206000
opel,corsa,6,Essence,2020,Manuelle,1,164000
opel,crossland,6,Diesel,2021,Manuelle,1,199000
opel,crossland,6,Diesel,2021,Manuelle,1,213000
opel,crossland,6,Diesel,2021,Manuelle,1,236000
opel,grandland,6,Diesel,2022,Automatique,1,295000
opel,grandland,6,Diesel,2022,Automatique,1,331000
opel,grandland,6,Diesel,2022,Automatique,1,361000
opel,insignia-grand-sport,8,Diesel,2018,Automatique,1,None
opel,insignia-grand-sport,8,Diesel,2018,Automatique,1,None
opel,mokka,6,Diesel,2022,Manuelle,1,245000
opel,mokka,6,Diesel,2022,Manuelle,1,270000
opel,mokka,7,Essence,2022,Automatique,1,267000
peugeot,108,6,Essence,2017,Manuelle,1,119900
peugeot,2008,6,Diesel,2020,Automatique,1,339900
peugeot,2008,6,Diesel,2020,Automatique,1,379900
peugeot,208,7,Diesel,2019,Manuelle,1,163900
peugeot,208,7,Diesel,2019,Manuelle,1,178900
peugeot,208,7,Diesel,2019,Manuelle,1,191900
peugeot,208,6,Essence,2019,Manuelle,1,143900
peugeot,3008,6,Diesel,2021,Automatique,1,340900
peugeot,3008,6,Diesel,2021,Automatique,1,359900
peugeot,3008,6,Diesel,2021,Automatique,1,397900
peugeot,301,6,Diesel,2017,Manuelle,1,166900
peugeot,308,6,Diesel,2022,Automatique,1,297900
peugeot,308,6,Diesel,2022,Automatique,1,314900
peugeot,308,6,Diesel,2022,Automatique,1,329900
peugeot,308,6,Diesel,2022,Automatique,1,349900
peugeot,5008,8,Diesel,2021,Automatique,1,394900
peugeot,508,8,Diesel,2019,Automatique,1,417900
peugeot,bipper,6,Diesel,2016,Manuelle,1,129900
peugeot,bipper,6,Diesel,2016,Manuelle,1,135900
peugeot,boxer,9,Diesel,2019,Manuelle,1,293900
peugeot,boxer,9,Diesel,2019,Manuelle,1,295900
peugeot,boxer,9,Diesel,2019,Manuelle,1,339900
peugeot,boxer,9,Diesel,2019,Manuelle,1,339900
peugeot,expert,6,Diesel,2019,Manuelle,1,249900
peugeot,expert,6,Diesel,2019,Manuelle,1,314900
peugeot,landtrek,8,Diesel,2021,Manuelle,1,259900
peugeot,partner,6,Diesel,2020,Manuelle,1,171900
peugeot,rifter,6,Diesel,2020,Manuelle,1,223900
peugeot,rifter,6,Diesel,2020,Manuelle,1,249900
peugeot,traveller,6,Diesel,2020,Manuelle,1,334900
peugeot,traveller,8,Diesel,2020,Manuelle,1,357900
porsche,718-boxster,17,Essence,2017,Automatique,1,680000
porsche,718-boxster,21,Essence,2017,Manuelle,1,830000
porsche,718-cayman,11,Essence,2017,Manuelle,1,650000
porsche,718-cayman,14,Essence,2017,Manuelle,1,810000
porsche,911,24,Essence,2016,Manuelle,1,1200000
porsche,911,24,Essence,2016,Automatique,1,1290000
porsche,911,24,Essence,2016,Automatique,1,1360000
porsche,911,29,Essence,2016,Automatique,1,1370000
porsche,911,24,Essence,2016,Automatique,1,1450000
porsche,911,24,Essence,2016,Automatique,1,1450000
porsche,911,29,Essence,2016,Automatique,1,1460000
porsche,911,29,Essence,2016,Automatique,1,1530000
porsche,911,29,Essence,2016,Automatique,1,1620000
porsche,911,29,Essence,2016,Automatique,1,1620000
porsche,911,42,Essence,2016,Automatique,1,2160000
porsche,911,42,Essence,2016,Automatique,1,2320000
porsche,911,47,Essence,2016,Automatique,1,2500000
porsche,911,47,Essence,2016,Automatique,1,2660000
porsche,cayenne,20,Hybride,2021,Automatique,1,1160000
porsche,cayenne,32,Hybride,2021,Automatique,1,2350000
porsche,cayenne,32,Essence,2021,Automatique,1,1370000
porsche,cayenne-coupe,20,Hybride,2021,Automatique,1,1260000
porsche,cayenne-coupe,32,Hybride,2020,Automatique,1,2620000
porsche,cayenne-coupe,32,Essence,2020,Automatique,1,1580000
porsche,cayenne-coupe,32,Essence,2020,Automatique,1,2460000
porsche,macan,11,Essence,2021,Automatique,1,650000
porsche,macan,20,Essence,2021,Automatique,1,760000
porsche,macan,18,Essence,2021,Automatique,1,950000
porsche,panamera,17,Hybride,2017,Automatique,1,1420000
porsche,panamera,17,Hybride,2021,Automatique,1,1740000
porsche,panamera,31,Hybride,2017,Automatique,1,2350000
porsche,panamera,17,Essence,2017,Automatique,1,1350000
porsche,panamera,31,Essence,2017,Automatique,1,1450000
porsche,panamera,42,Essence,2017,Automatique,1,1950000
porsche,taycan,0,Electrique,2021,Automatique,1,1230000
porsche,taycan,0,Electrique,2021,Automatique,1,1470000
porsche,taycan,0,Electrique,2021,Automatique,1,2030000
porsche,taycan,0,Electrique,2021,Automatique,1,2450000
porsche,taycan-cross-turismo,0,Electrique,2021,Automatique,1,1360000
porsche,taycan-cross-turismo,0,Electrique,2021,Automatique,1,1530000
porsche,taycan-cross-turismo,0,Electrique,2021,Automatique,1,2050000
renault,arkana,9,Hybride,2023,Automatique,1,316000
renault,arkana,9,Hybride,2023,Automatique,1,336000
renault,arkana,9,Hybride,2023,Automatique,1,356000
renault,austral,8,Essence,2023,Automatique,1,340000
renault,austral,7,Essence,2023,Automatique,1,360000
renault,austral,7,Essence,2023,Automatique,1,380000
renault,austral,7,Essence,2023,Automatique,1,405000
renault,captur,6,Diesel,2020,Manuelle,1,216900
renault,captur,6,Diesel,2020,Manuelle,1,236900
renault,captur,6,Essence,2020,Automatique,1,219900
renault,captur,6,Essence,2020,Automatique,1,239900
renault,clio,6,Diesel,2020,Manuelle,1,164900
renault,clio,6,Diesel,2020,Manuelle,1,184900
renault,clio,6,Diesel,2020,Manuelle,1,204900
renault,clio,6,Diesel,2020,Manuelle,1,214900
renault,clio,6,Essence,2020,Manuelle,1,148900
renault,clio,6,Diesel,2017,Manuelle,1,163900
renault,clio,6,Diesel,2017,Automatique,1,193900
renault,express,6,Diesel,2021,Manuelle,1,142000
renault,express,6,Diesel,2021,Manuelle,1,152000
renault,express,6,Diesel,2021,Manuelle,1,166000
renault,express-van,6,Diesel,2021,Manuelle,1,132000
renault,express-van,6,Diesel,2021,Manuelle,1,139000
renault,kadjar,6,Diesel,2019,Manuelle,1,252000
renault,kadjar,6,Diesel,2019,Automatique,1,293000
renault,kadjar,6,Diesel,2019,Manuelle,1,293000
renault,kadjar,6,Diesel,2019,Automatique,1,328000
renault,kadjar,6,Diesel,2019,Manuelle,1,328000
renault,kangoo,6,Diesel,2018,Manuelle,1,None
renault,kangoo,6,Diesel,2017,Manuelle,1,None
renault,kangoo,6,Diesel,2017,Manuelle,1,None
renault,kangoo,6,Diesel,2017,Manuelle,1,None
renault,koleos,8,Diesel,2022,Automatique,1,480000
renault,master,8,Diesel,2020,Manuelle,1,289900
renault,master,8,Diesel,2020,Manuelle,1,297900
renault,megane,6,Diesel,2021,Manuelle,1,211900
renault,megane,6,Diesel,2021,Manuelle,1,234900
renault,megane,6,Diesel,2021,Automatique,1,254900
renault,megane,6,Diesel,2021,Manuelle,1,259900
renault,megane,6,Diesel,2021,Automatique,1,279900
renault,megane,6,Diesel,2021,Automatique,1,283900
renault,megane,10,Essence,2020,Automatique,1,399900
renault,megane-sedan,6,Diesel,2017,Manuelle,1,215900
renault,megane-sedan,6,Diesel,2017,Manuelle,1,237900
renault,megane-sedan,6,Diesel,2017,Automatique,1,257900
renault,megane-sedan,6,Diesel,2017,Automatique,1,282900
renault,talisman,8,Diesel,2021,Automatique,1,381500
renault,talisman,8,Diesel,2021,Automatique,1,437900
renault,trafic,8,Diesel,2020,Manuelle,1,233900
renault,trafic,8,Diesel,2020,Manuelle,1,262900
renault,trafic,8,Diesel,2020,Manuelle,1,295900
renault,trafic,8,Diesel,2020,Manuelle,1,316400
seat,arona,6,Diesel,2021,Manuelle,1,228900
seat,arona,6,Diesel,2021,Manuelle,1,246900
seat,arona,6,Diesel,2021,Manuelle,1,258900
seat,ateca,8,Diesel,2021,Automatique,1,285900
seat,ateca,8,Diesel,2021,Automatique,1,353900
seat,ateca,8,Diesel,2021,Automatique,1,323300
seat,ateca,8,Diesel,2021,Automatique,1,378900
seat,ibiza,6,Diesel,2022,Manuelle,1,206900
seat,ibiza,6,Diesel,2021,Manuelle,1,246900
seat,ibiza,6,Essence,2021,Manuelle,1,226900
seat,leon,8,Diesel,2022,Automatique,1,356900
seat,mii,6,Essence,2015,Manuelle,1,None
seat,tarraco,,Diesel,2023,Automatique,1,370900
seat,tarraco,,Diesel,2023,Automatique,1,376900
seat,tarraco,,Diesel,2023,Automatique,1,418900
seat,tarraco,,Diesel,2023,Automatique,1,438900
seres,3,,Electrique,2021,Automatique,1,405000
seres,sf5,,Electrique,2021,Automatique,1,None
seres,sf5,,Electrique,2021,Automatique,1,None
skoda,kamiq,6,Diesel,2023,Manuelle,1,275000
skoda,kamiq,6,Diesel,2023,Manuelle,1,295900
skoda,kamiq,6,Diesel,2023,Manuelle,1,325000
skoda,karoq,8,Diesel,2022,Automatique,1,344000
skoda,karoq,8,Diesel,2022,Automatique,1,381000
skoda,karoq,8,Diesel,2022,Automatique,1,414000
skoda,karoq,8,Diesel,2022,Automatique,1,434000
skoda,kodiaq,8,Diesel,2022,Automatique,1,369000
skoda,kodiaq,8,Diesel,2022,Automatique,1,414000
skoda,kodiaq,8,Diesel,2022,Automatique,1,469000
skoda,kodiaq,8,Diesel,2022,Automatique,1,494000
skoda,kodiaq,8,Diesel,2022,Automatique,1,519000
skoda,octavia,8,Diesel,2021,Manuelle,1,289900
skoda,octavia,8,Diesel,2021,Automatique,1,311900
skoda,octavia,8,Diesel,2021,Manuelle,1,322900
skoda,octavia,8,Diesel,2021,Automatique,1,344900
skoda,octavia,8,Diesel,2021,Automatique,1,372900
skoda,scala,6,Diesel,2023,Manuelle,1,214900
skoda,scala,6,Diesel,2023,Manuelle,1,234900
skoda,scala,6,Diesel,2023,Manuelle,1,264900
skoda,superb,8,Diesel,2022,Automatique,1,363000
skoda,superb,8,Diesel,2022,Automatique,1,395000
skoda,superb,8,Diesel,2022,Automatique,1,473000
skoda,superb,8,Diesel,2022,Automatique,1,499000
ssangyong,korando,8,Diesel,2016,Manuelle,1,219000
ssangyong,korando,8,Diesel,2016,Automatique,1,255000
ssangyong,korando,8,Diesel,2016,Automatique,1,273500
ssangyong,rexton,8,Diesel,2013,Manuelle,1,279000
ssangyong,rexton,8,Diesel,2013,Automatique,1,316000
ssangyong,stavic,11,Diesel,2014,Manuelle,1,279700
ssangyong,stavic,11,Diesel,2014,Manuelle,1,288400
ssangyong,stavic,11,Diesel,2014,Manuelle,1,293900
ssangyong,stavic,11,Diesel,2014,Automatique,1,331900
ssangyong,tivoli,6,Diesel,2017,Manuelle,1,219000
ssangyong,xlv,6,Diesel,2017,Manuelle,1,248000
suzuki,baleno,6,Essence,2018,Manuelle,1,None
suzuki,ignis,7,Essence,2018,Manuelle,1,None
suzuki,ignis,7,Essence,2018,Manuelle,1,None
suzuki,ignis,7,Essence,2018,Automatique,1,None
suzuki,jimny,8,Essence,2022,Manuelle,1,215000
suzuki,jimny,8,Essence,2022,Automatique,1,230000
suzuki,s-cross,6,Diesel,2017,Manuelle,1,None
suzuki,s-cross,6,Diesel,2017,Automatique,1,None
suzuki,swift,7,Essence,2018,Automatique,1,164604
suzuki,vitara,6,Diesel,2018,Manuelle,1,None
suzuki,vitara,6,Diesel,2018,Manuelle,1,None
tata,super-ace,6,Diesel,2021,Manuelle,1,114900
tata,xenon,9,Diesel,2021,Manuelle,1,164900
tata,xenon,9,Diesel,2021,Manuelle,1,174900
toyota,auris,5,Diesel,2017,Manuelle,1,None
toyota,auris,5,Diesel,2017,Manuelle,1,None
toyota,c-hr,10,Hybride,2017,Automatique,1,274000
toyota,c-hr,10,Hybride,2017,Automatique,1,292000
toyota,c-hr,10,Hybride,2017,Automatique,1,324000
toyota,corolla-prestige-140,8,Hybride,2023,Automatique,1,261000
toyota,corolla-prestige-140,8,Hybride,2023,Automatique,1,266000
toyota,corolla-prestige-140,8,Hybride,2023,Automatique,1,271000
toyota,corolla-prestige-140,8,Hybride,2023,Automatique,1,319000
toyota,corolla-sport-140,,Hybride,2023,Automatique,1,273000
toyota,corolla-sport-140,,Hybride,2023,Automatique,1,278000
toyota,corolla-sport-140,10,Hybride,2019,Automatique,1,323000
toyota,fortuner,,Diesel,2018,Automatique,1,410000
toyota,fortuner,,Diesel,2018,Automatique,1,481030
toyota,fortuner,,Diesel,2018,Automatique,1,502650
toyota,hilux,10,Diesel,2017,Manuelle,1,272900
toyota,land-cruiser,18,Diesel,2017,Automatique,1,None
toyota,new-corolla-x-air,10,Hybride,2021,Automatique,1,322900
toyota,new-corolla-x-air,10,Hybride,2021,Automatique,1,333000
toyota,new-corolla-x-air,10,Hybride,2021,Automatique,1,347000
toyota,new-rav4,14,Hybride,2019,Automatique,1,390800
toyota,new-rav4,14,Hybride,2019,Automatique,1,410000
toyota,new-rav4,14,Hybride,2019,Automatique,1,466800
toyota,prado,12,Diesel,2017,Manuelle,1,497900
toyota,prado,12,Diesel,2016,Automatique,1,559000
toyota,prado,12,Diesel,2016,Automatique,1,657800
toyota,prius,10,Hybride,2017,Automatique,1,None
toyota,prius,10,Hybride,2017,Automatique,1,None
toyota,yaris,6,Hybride,2021,Automatique,1,207200
toyota,yaris,6,Hybride,2021,Automatique,1,228600
toyota,yaris,6,Essence,2021,Manuelle,1,152900
toyota,yaris,6,Essence,2021,Manuelle,1,169900
toyota,yaris-cross,9,Hybride,2022,Automatique,1,259000
toyota,yaris-cross,9,Hybride,2022,Automatique,1,287500
toyota,yaris-cross,9,Hybride,2022,Automatique,1,305000
volkswagen,arteon,8,Diesel,2018,Automatique,1,None
volkswagen,arteon,8,Diesel,2018,Automatique,1,None
volkswagen,arteon,8,Diesel,2018,Automatique,1,None
volkswagen,caddy,8,Diesel,2022,Manuelle,1,263000
volkswagen,caddy,8,Diesel,2022,Manuelle,1,308000
volkswagen,caddy,8,Diesel,2022,Manuelle,1,319000
volkswagen,caddy,8,Diesel,2022,Automatique,1,355000
volkswagen,caravelle,8,Diesel,2022,Manuelle,1,450000
volkswagen,coccinelle,8,Diesel,2020,Automatique,1,None
volkswagen,coccinelle,8,Diesel,2020,Automatique,1,None
volkswagen,coccinelle,8,Diesel,2020,Automatique,1,None
volkswagen,crafter,8,Diesel,2019,Manuelle,1,570000
volkswagen,crafter,8,Diesel,2019,Manuelle,1,610000
volkswagen,golf-8,8,Diesel,2021,Automatique,1,380000
volkswagen,golf-8,8,Diesel,2021,Automatique,1,425000
volkswagen,jetta,6,Diesel,2016,Automatique,1,None
volkswagen,jetta,8,Diesel,2017,Manuelle,1,None
volkswagen,jetta,8,Diesel,2017,Manuelle,1,None
volkswagen,jetta,8,Diesel,2017,Manuelle,1,None
volkswagen,jetta,8,Diesel,2017,Automatique,1,None
volkswagen,jetta,6,Diesel,2016,Manuelle,1,None
volkswagen,passat,8,Diesel,2020,Automatique,1,None
volkswagen,passat,8,Diesel,2020,Automatique,1,None
volkswagen,passat,8,Diesel,2020,Automatique,1,None
volkswagen,polo,6,Essence,2018,Manuelle,1,None
volkswagen,polo,6,Essence,2018,Manuelle,1,None
volkswagen,polo,6,Essence,2018,Manuelle,1,None
volkswagen,t-roc,8,Diesel,2022,Automatique,1,355000
volkswagen,t-roc,8,Diesel,2022,Automatique,1,385000
volkswagen,t-roc,8,Diesel,2022,Automatique,1,405000
volkswagen,t-roc,8,Diesel,2022,Automatique,1,425000
volkswagen,tiguan,8,Diesel,2022,Automatique,1,400000
volkswagen,tiguan,8,Diesel,2022,Automatique,1,455000
volkswagen,tiguan,8,Diesel,2022,Automatique,1,495000
volkswagen,touareg,12,Diesel,2018,Automatique,1,520000
volkswagen,touareg,12,Diesel,2022,Automatique,1,595000
volkswagen,touareg,12,Diesel,2018,Automatique,1,709000
volkswagen,touareg,12,Diesel,2018,Automatique,1,750000
volkswagen,touareg,12,Diesel,2018,Automatique,1,890000
volkswagen,touran,8,Diesel,2016,Manuelle,1,None
volkswagen,touran,8,Diesel,2016,Manuelle,1,None
volvo,s60,11,Hybride,2020,Automatique,1,None
volvo,s60,11,Hybride,2020,Automatique,1,None
volvo,s60,11,Essence,2019,Automatique,1,None
volvo,s60,11,Essence,2019,Automatique,1,None
volvo,s90,8,Diesel,2020,Automatique,1,680000
volvo,xc40,8,Hybride,2021,Automatique,1,550000
volvo,xc40,8,Hybride,2021,Automatique,1,580000
volvo,xc40,8,Hybride,2021,Automatique,1,610000
volvo,xc40,11,Essence,2021,Automatique,1,420000
volvo,xc40,11,Essence,2021,Automatique,1,440000
volvo,xc40,11,Essence,2021,Automatique,1,450000
volvo,xc60,8,Diesel,2020,Automatique,1,560000
volvo,xc60,8,Diesel,2020,Automatique,1,620000
volvo,xc90,11,Electrique,2017,Automatique,1,950000
volvo,xc90,11,Essence,2017,Automatique,1,980000
